nome_vendedor;produto;qtd;valor;data_compra;local
Joaquim Souza;Produto B;9;33,32;12/01/2023;PI
Lorenzo da Luz;Produto B;10;94.38;24/03/2023;DF
Gustavo Henrique Moreira;Produto E;9;84.45;11/06/2022;PE
Lorena da Costa;Produto C;5;34.14;24/12/2022;RO
Caio Monteiro;Produto C;2;94.42;27/05/2022;MG
Lívia Caldeira;Produto C;6;66.87;18/12/2022;MS
Isadora da Cunha;Produto E;9;49.25;20/07/2022;MA
João Vitor da Mota;Produto D;10;41.71;20/03/2023;RJ
Maria Julia Araújo;Produto D;5;10.41;24/05/2022;PA
Dra. Maria Fernanda Cavalcanti;Produto D;9;19.88;31/03/2023;MS
Maria Luiza da Rocha;Produto C;9;20.48;30/12/2022;RO
Heloísa Souza;;1;98.41;27/04/2023;SC
Fernanda Nascimento;Produto B;10;78.38;07/01/2023;MT
Cauê Almeida;Produto E;3;19.89;13/05/2023;MS
Gustavo Duarte;Produto B;2;91.37;24/07/2022;AM
Enzo Oliveira;Produto C;1;75.08;24/08/2022;PB
Vitor Gabriel Campos;Produto E;3;51.67;11/01/2023;BA
Gustavo Correia;Produto B;1;29.75;24/05/2022;MA
Dra. Emanuelly Martins;Produto B;5;99.7;02/07/2022;PE
Beatriz Moraes;Produto D;9;95.9;06/07/2022;DF
Fernanda Nascimento;Produto C;9;11.01;13/05/2023;RJ
Luana da Mota;Produto B;5;27.13;07/02/2023;MA
Luiz Fernando Cardoso;Produto B;4;32.04;03/07/2022;PR
João Felipe Azevedo;Produto A;3;47.86;06/09/2022;AL
Evelyn da Conceição;Produto E;6;18.95;17/01/2023;BA
Sophie Novaes;Produto E;10;96.93;10/08/2022;AM
Fernanda Nascimento;Produto A;3;45.47;08/06/2022;DF
Maria Sophia Porto;Produto A;2;60.46;03/11/2022;MG
Mirella Jesus;Produto D;10;86.98;23/07/2022;BA
Lívia da Rocha;Produto B;2;81.73;03/08/2022;RS
Luana Moraes;Produto D;9;84.06;02/08/2022;RO
Fernanda Nascimento;Produto B;7;17.79;06/01/2023;PA
Lucca Lopes;Produto B;5;22.25;24/12/2022;RR
Dr. Lucca Nogueira;Produto D;6;77.1;20/01/2023;MA
Joana Cavalcanti;Produto D;6;75.45;12/10/2022;BA
Lorenzo Ferreira;Produto E;6;98.36;06/03/2023;TO
Dr. Leonardo Duarte;Produto D;7;57.47;31/07/2022;BA
Fernanda Nascimento;Produto B;8;52.74;04/01/2023;AP
Eloah da Mata;Produto C;10;51.21;15/09/2022;SC
Fernanda Nascimento;Produto B;9;57.5;07/05/2023;CE
Dr. Luigi Barros;Produto D;5;44.79;14/04/2023;PR
Luna Barros;Produto C;6;27.47;05/07/2022;PE
Cauê da Mata;Produto C;9;17.38;09/12/2022;GO
Sophie Pereira;Produto C;10;43.83;05/08/2022;MS
Bruna Cunha;Produto E;5;84.06;12/04/2023;RR
Agatha Cardoso;Produto C;1;38.28;16/06/2022;MT
Felipe Pinto;Produto A;3;50.55;15/11/2022;AM
Giovanna Teixeira;Produto E;4;99.68;22/03/2023;MT
Mirella Lopes;Produto C;9;69.62;03/10/2022;DF
Davi Ferreira;Produto B;9;52.97;06/11/2022;AP
Fernanda Nascimento;Produto C;6;72.34;08/02/2023;MS
Luiz Miguel Ramos;Produto D;8;13.52;15/05/2023;MS
Fernanda Nascimento;Produto A;2;91.09;29/12/2022;SE
Felipe Costa;Produto D;9;56.49;24/10/2022;AP
Gabriel Dias;Produto C;8;62.57;17/10/2022;PA
Maysa Martins;Produto E;3;55.62;06/04/2023;RN
Fernanda Nascimento;Produto E;8;11.4;28/04/2023;AC
Brenda da Rocha;Produto D;3;39.78;07/09/2022;ES
Isabelly Lopes;;9;39.98;14/11/2022;ES
Fernanda Nascimento;Produto D;3;18.7;23/11/2022;TO
Rafaela da Costa;Produto C;7;82.4;21/04/2023;AL
Eduarda da Cruz;Produto B;7;43.2;30/09/2022;DF
André Almeida;Produto E;7;18.83;28/05/2022;RS
Gabriela Barros;Produto E;4;48.62;13/08/2022;RJ
Dr. Nathan Cavalcanti;Produto D;9;73.57;24/01/2023;RO
Breno Porto;Produto E;10;14.88;30/04/2023;MS
Yuri Melo;Produto D;5;15.54;07/04/2023;TO
Pedro Pereira;Produto C;1;24.75;19/02/2023;CE
Rafael Araújo;Produto A;1;94.89;05/03/2023;ES
Dr. Nathan Nascimento;Produto D;6;45.58;18/11/2022;MG
Fernanda Nascimento;Produto B;8;40.9;28/05/2022;MG
Ana Julia Martins;Produto B;5;71.07;01/12/2022;PA
Thiago Nogueira;Produto E;7;56.93;24/05/2022;AL
Ana Sophia Farias;Produto E;1;39.69;16/08/2022;RO
Juan Dias;Produto D;9;34.8;29/08/2022;SC
Ana Luiza Mendes;Produto E;6;29.5;27/07/2022;MT
Maria Eduarda Nunes;Produto D;4;84.67;21/10/2022;AL
Heitor Barbosa;Produto A;3;48.67;12/10/2022;DF
Ana Lívia Almeida;Produto E;2;48.56;09/10/2022;PB
Gustavo Henrique Barros;Produto E;6;59.24;23/10/2022;TO
Pietro Duarte;Produto A;8;36.28;08/07/2022;CE
Davi Lucca Souza;Produto E;8;59.64;21/01/2023;MA
Kamilly Costela;Produto C;8;56.44;30/06/2022;TO
Carlos Eduardo da Luz;Produto A;7;85.46;18/06/2022;MS
Maria Clara Ramos;Produto D;6;81.31;11/08/2022;PR
Thales Santos;Produto C;10;12.99;12/06/2022;AM
Caroline Moura;Produto C;2;14.38;09/08/2022;AM
Diego da Cruz;Produto B;5;86.87;04/08/2022;MT
Lucas Peixoto;Produto B;3;85.07;30/05/2022;RJ
Alícia Ramos;Produto A;6;23.1;18/03/2023;SE
Dra. Ana Julia Cunha;Produto A;2;76.67;14/11/2022;PI
Joana Rocha;Produto B;3;81.92;18/03/2023;SP
Dra. Valentina Viana;Produto A;1;42.83;02/05/2023;ES
Vinicius Ribeiro;Produto D;7;14.58;24/01/2023;CE
Milena Martins;Produto B;1;76.73;15/04/2023;PA
Evelyn Melo;Produto C;9;91.16;20/07/2022;CE
Gabrielly Caldeira;Produto C;2;43.46;23/08/2022;CE
Isis Ramos;Produto E;6;43.77;22/04/2023;DF
Mariana Nascimento;Produto A;8;48.82;14/06/2022;PE
Caio Araújo;Produto D;9;69.95;17/10/2022;PR
Joaquim Lopes;Produto A;6;78.44;17/04/2023;RJ
Fernanda Nascimento;Produto A;2;86.9;03/04/2023;RS
Sarah da Rocha;Produto E;10;85.21;17/10/2022;SC
Dra. Melissa Costa;Produto E;3;31.9;11/01/2023;RO
Enzo Gabriel da Mota;Produto E;7;31.17;20/05/2023;CE
Sofia Melo;Produto B;6;36.5;31/01/2023;DF
Yago Pires;Produto B;10;47.68;05/01/2023;MS
Stephany Moreira;Produto D;5;30.1;21/07/2022;AM
Isaac da Mata;Produto B;2;51.09;04/10/2022;RJ
Sofia Freitas;Produto A;4;33.42;09/02/2023;AP
Ana Farias;Produto A;10;49.87;20/08/2022;BA
Dr. Leonardo Souza;Produto A;7;42.77;24/04/2023;MG
Fernanda Mendes;Produto A;8;98.12;31/07/2022;MT
Kaique Silveira;Produto A;10;41.13;19/10/2022;DF
Carlos Eduardo da Costa;Produto A;6;39.46;25/11/2022;TO
Fernanda Nascimento;Produto D;9;60.96;04/02/2023;DF
Anthony Jesus;Produto A;6;37.24;17/08/2022;RN
Raquel Jesus;Produto D;4;63.94;10/03/2023;PB
Olivia Gonçalves;Produto D;9;84.13;01/05/2023;AL
Luiz Gustavo Campos;Produto A;4;20.33;04/10/2022;RO
Maria Clara da Cunha;Produto E;8;50.51;10/05/2023;SC
Lucca Caldeira;Produto B;7;43.62;28/09/2022;RO
Dr. Raul da Mata;Produto C;3;81.0;15/05/2023;MT
Daniel Almeida;Produto E;3;68.52;04/05/2023;CE
Rodrigo das Neves;Produto E;9;72.87;02/09/2022;RJ
Natália Peixoto;;7;72.24;24/03/2023;SC
Guilherme Rezende;Produto C;3;26.57;17/03/2023;AL
Theo Cardoso;Produto C;10;52.83;06/01/2023;GO
Paulo Costa;Produto A;9;41.61;15/09/2022;SP
Alice Aragão;Produto D;10;88.26;26/07/2022;SE
Gabriel Rodrigues;Produto A;5;20.27;18/04/2023;GO
Juliana Fogaça;Produto D;4;12.76;23/10/2022;PB
Joana Rodrigues;Produto D;4;56.69;08/06/2022;PI
Alice Cardoso;Produto C;10;27.26;11/10/2022;BA
Pedro Lucas da Conceição;Produto C;7;18.01;24/07/2022;MG
Isabella da Cunha;Produto D;2;79.88;15/09/2022;PR
Dr. Samuel Pereira;Produto D;6;12.01;12/02/2023;CE
Isabella Aragão;Produto E;10;92.26;02/07/2022;PB
Valentina Souza;Produto E;5;36.09;12/02/2023;TO
Isabelly da Paz;Produto D;9;12.93;11/08/2022;ES
Valentina Rezende;Produto D;3;97.6;11/02/2023;SC
Gabriela Freitas;Produto E;9;60.14;05/06/2022;AC
Helena Fernandes;Produto D;2;47.44;15/02/2023;AL
João Nascimento;Produto B;5;47.29;05/08/2022;ES
Anthony Jesus;Produto B;6;89.39;31/08/2022;ES
Vinicius Duarte;Produto A;7;35.9;25/09/2022;BA
Vicente Silveira;Produto C;4;95.06;04/02/2023;SC
Lívia Nogueira;Produto B;10;91.77;17/03/2023;MA
Clara das Neves;Produto B;3;80.45;08/01/2023;SE
Dra. Nicole Lopes;Produto B;2;58.11;27/07/2022;MT
Juan Cardoso;Produto E;2;85.25;22/05/2023;AP
Emanuel Silva;Produto B;9;62.44;24/05/2022;MA
Noah Porto;Produto C;3;19.66;08/10/2022;RN
Luiz Otávio Pereira;Produto E;6;46.29;12/12/2022;RS
Diogo Porto;Produto D;6;83.99;09/01/2023;CE
Thiago Novaes;Produto C;2;36.1;14/04/2023;PI
Carolina da Cunha;Produto C;1;80.34;22/05/2022;RJ
Benício Pinto;Produto C;10;40.71;06/11/2022;CE
Ana Laura Monteiro;Produto B;5;29.58;03/12/2022;CE
Vicente Aragão;Produto A;4;79.59;14/04/2023;AM
Anthony Jesus;Produto B;5;38.54;16/10/2022;RO
Larissa das Neves;Produto B;5;45.45;07/12/2022;AC
Cauê Costa;Produto A;10;63.69;17/06/2022;AC
Otávio Cavalcanti;Produto B;10;22.5;27/07/2022;RN
Isabel da Cruz;Produto D;7;20.39;31/03/2023;RJ
João Vitor Martins;Produto E;2;80.0;06/08/2022;PB
Sarah Alves;Produto E;10;34.31;01/05/2023;AM
Marcelo Rodrigues;Produto E;9;18.73;21/01/2023;AP
Eduardo Ramos;Produto C;9;14.14;13/12/2022;TO
Yasmin da Costa;Produto E;4;51.68;27/05/2022;PA
Evelyn Araújo;Produto C;4;12.06;14/03/2023;TO
Isabel Monteiro;Produto A;9;50.92;03/10/2022;RN
Alícia Duarte;Produto A;8;43.31;30/06/2022;RS
Ana Julia Fernandes;Produto D;7;54.11;21/10/2022;SP
Luiz Fernando da Rosa;Produto E;1;44.0;17/05/2023;RJ
Cecília Alves;Produto C;8;49.71;29/08/2022;MS
João Miguel Campos;Produto E;6;97.04;08/03/2023;TO
Arthur da Rocha;Produto B;6;86.0;03/08/2022;TO
Marcelo Duarte;Produto E;4;35.08;28/07/2022;PR
Sarah da Rocha;Produto E;2;71.27;02/06/2022;SC
Bianca Silva;Produto B;5;95.68;26/01/2023;SP
Lorena Jesus;Produto C;10;77.69;01/10/2022;AM
Bryan Caldeira;Produto E;1;44.07;22/01/2023;PI
Dr. Enzo Gabriel Ferreira;Produto E;2;84.96;10/03/2023;RN
Marina Farias;Produto A;7;17.5;20/07/2022;AP
Pedro Miguel da Luz;Produto C;4;47.41;22/01/2023;SC
Vitória Farias;Produto C;7;27.49;05/02/2023;PB
Igor Carvalho;Produto E;1;43.89;31/03/2023;PE
Isis Peixoto;Produto B;2;26.46;05/02/2023;RR
Alexia Cunha;Produto D;10;81.53;08/12/2022;RN
Maria Eduarda Oliveira;Produto B;5;14.92;05/05/2023;MA
Enrico da Costa;Produto C;4;16.76;18/02/2023;SE
Ana Luiza Fernandes;Produto C;9;52.5;14/10/2022;MA
Laís Silveira;Produto C;3;96.67;12/10/2022;ES
Maria Fernanda Moura;Produto D;8;41.4;29/09/2022;PA
Joaquim da Conceição;Produto E;9;12.19;27/07/2022;ES
Murilo Alves;Produto B;8;95.41;01/01/2023;RS
Luigi Melo;Produto A;8;88.77;08/01/2023;AL
Dra. Yasmin Duarte;Produto B;7;65.3;08/02/2023;AM
Luiz Felipe Freitas;;2;85.8;02/11/2022;DF
Bianca da Mata;Produto D;7;89.66;16/02/2023;RR
Larissa Freitas;Produto A;1;13.48;05/02/2023;ES
Cauã Vieira;Produto A;3;48.31;27/06/2022;BA
Isabel Nogueira;Produto C;10;98.0;10/10/2022;RS
Benjamin Lopes;Produto D;5;60.93;13/09/2022;ES
Thomas Araújo;Produto E;8;58.12;25/02/2023;PA
Isaac Novaes;Produto B;2;58.85;02/08/2022;SC
Isaac Melo;Produto B;6;34.01;06/12/2022;MA
Bianca Duarte;Produto A;7;44.65;30/12/2022;AM
Beatriz Moraes;Produto B;8;13.98;04/03/2023;RN
Dr. Thomas Pereira;Produto B;5;41.25;03/11/2022;AP
Maysa Porto;Produto C;7;83.24;09/06/2022;TO
Daniela da Cruz;Produto A;4;17.67;05/11/2022;PI
Anthony Jesus;Produto E;4;52.59;20/03/2023;MT
Pedro Henrique Moura;Produto A;8;35.72;10/12/2022;MS
Anthony Jesus;Produto C;9;14.77;04/05/2023;TO
Dr. Eduardo Nascimento;Produto C;6;11.54;05/09/2022;SP
Davi Mendes;Produto B;4;97.43;19/07/2022;RO
Caio Moreira;Produto D;2;69.17;11/12/2022;AM
Vitor Hugo Cavalcanti;Produto D;3;24.14;22/02/2023;PR
Sophia Ribeiro;Produto B;2;78.49;29/11/2022;SC
Ana Carolina Viana;Produto D;1;78.45;09/02/2023;GO
Bruno Freitas;Produto C;8;91.74;13/12/2022;RR
Dr. Pedro Rezende;Produto E;4;17.62;31/10/2022;RN
Dr. Davi Lucas Aragão;Produto C;8;36.37;25/12/2022;SE
Emanuelly Nascimento;Produto A;2;57.39;16/02/2023;MS
Sabrina Cunha;Produto D;8;42.07;03/08/2022;MG
Anthony Jesus;Produto E;7;27.41;21/10/2022;AP
Alexia Souza;Produto A;3;22.43;09/07/2022;PA
Carolina Farias;Produto D;6;12.88;09/04/2023;PB
Lucca Freitas;Produto C;9;53.41;20/05/2023;PR
Dra. Stella Azevedo;Produto E;8;33.14;25/09/2022;SP
Felipe Alves;Produto A;1;83.82;22/05/2023;AL
Davi Luiz Rodrigues;Produto E;8;77.69;25/06/2022;ES
Mariane da Conceição;Produto B;2;85.47;23/04/2023;PR
Pedro Henrique Freitas;Produto B;9;20.94;26/08/2022;SP
André Melo;Produto C;5;26.24;13/03/2023;SC
Pedro Lucas Moura;Produto E;10;13.01;17/04/2023;DF
Marcelo Azevedo;Produto B;6;16.89;14/08/2022;MT
Camila Novaes;Produto D;2;95.24;04/05/2023;PA
Ian Oliveira;Produto B;5;42.28;25/11/2022;AM
Luiz Gustavo Peixoto;Produto B;2;99.92;26/06/2022;AL
Anthony Jesus;Produto C;2;97.13;07/09/2022;RR
Luiz Henrique Nunes;Produto D;9;36.91;28/10/2022;MG
Camila da Mata;Produto C;10;53.12;13/09/2022;ES
Amanda Alves;Produto B;1;11.27;30/01/2023;MS
Isabella Souza;Produto A;8;35.27;25/01/2023;RJ
Nicole Sales;Produto E;4;86.02;09/10/2022;PE
Helena Silva;Produto B;3;74.48;26/12/2022;PR
Lorenzo da Cunha;Produto A;10;55.67;07/04/2023;SC
Marcela Barros;Produto B;6;29.37;15/04/2023;MG
Murilo Pereira;Produto A;6;78.54;29/08/2022;PR
Luiz Miguel Almeida;Produto A;2;60.86;01/07/2022;BA
Danilo da Cunha;Produto C;9;32.19;12/12/2022;MS
Gabriel Araújo;Produto B;2;52.48;11/04/2023;MT
Maria Cecília Gonçalves;Produto B;8;64.04;27/12/2022;MG
Sofia da Costa;Produto B;1;89.23;02/05/2023;RJ
Anthony Jesus;Produto C;3;27.18;14/12/2022;AM
Ana Araújo;Produto A;4;20.46;19/11/2022;AM
Alexia Costa;Produto B;8;83.39;01/09/2022;AM
Davi Lucca Dias;Produto B;4;16.69;13/01/2023;AL
Raul Martins;Produto D;6;36.56;12/09/2022;GO
Larissa Peixoto;Produto E;3;42.71;12/06/2022;SE
Anthony Jesus;Produto A;7;19.91;20/05/2023;CE
Stephany Martins;Produto D;8;98.91;17/01/2023;ES
Felipe da Costa;Produto A;10;37.5;26/09/2022;PE
Anthony Jesus;;10;13.63;15/12/2022;PI
Anthony Jesus;Produto D;10;54.16;14/11/2022;AC
Ryan Campos;Produto D;9;29.19;24/09/2022;RJ
Renan Nunes;Produto E;2;56.3;09/05/2023;SE
Theo Vieira;Produto C;9;64.49;30/03/2023;AL
Levi Mendes;Produto E;3;14.02;22/07/2022;AP
Gustavo Henrique da Luz;Produto B;3;41.29;23/12/2022;RN
Lavínia Lima;Produto A;9;12.19;02/02/2023;RR
Natália da Mata;Produto C;3;14.82;17/03/2023;PR
Matheus Rodrigues;Produto A;9;51.28;09/07/2022;SE
Maria Sophia da Rosa;Produto D;4;60.45;09/02/2023;AM
Leandro da Rocha;Produto C;1;88.47;14/08/2022;MT
Giovanna Gomes;Produto E;2;51.55;21/03/2023;AP
Dr. Lucas da Mota;Produto E;7;86.51;27/08/2022;RJ
Marcela da Luz;Produto E;6;65.86;07/01/2023;PA
Maria Luiza Campos;Produto D;3;83.32;18/08/2022;AC
Benjamin Araújo;Produto E;1;66.13;11/07/2022;DF
Letícia das Neves;Produto B;4;17.16;13/10/2022;PE
Anthony Jesus;Produto B;2;34.33;03/08/2022;SC
Danilo Oliveira;Produto B;8;10.5;20/12/2022;AC
Ryan Moreira;Produto B;7;20.1;20/11/2022;SE
Murilo da Cruz;Produto C;5;15.07;02/02/2023;CE
Isis Ramos;Produto E;9;70.29;25/09/2022;PI
Rodrigo Peixoto;Produto A;6;56.64;03/04/2023;MG
Matheus Freitas;Produto A;1;12.27;07/05/2023;PI
Lorenzo da Mata;Produto C;8;86.07;23/03/2023;MG
Dr. Diego Castro;Produto A;9;78.52;17/04/2023;SP
Erick Aragão;Produto B;8;31.4;28/03/2023;PI
Diego da Rocha;Produto D;1;38.2;19/06/2022;BA
Dra. Mariana Gonçalves;Produto E;9;57.67;06/10/2022;RR
Dr. Nicolas Novaes;Produto E;3;97.97;25/09/2022;ES
Eduarda Viana;Produto C;9;61.37;31/12/2022;MT
Dr. Heitor Monteiro;Produto A;5;47.5;18/12/2022;DF
Dr. João Gabriel Carvalho;Produto A;4;26.06;06/05/2023;MT
Mariana Moraes;Produto B;6;12.69;01/04/2023;RR
Thomas Nunes;Produto B;5;12.13;31/03/2023;RO
Dr. Henrique Vieira;Produto C;4;55.33;22/06/2022;DF
Luiz Otávio Pinto;Produto D;7;45.0;28/01/2023;MA
Caio das Neves;Produto C;10;92.77;29/12/2022;PE
Rafael da Conceição;Produto D;9;90.98;15/06/2022;MA
Bruno Nascimento;Produto B;1;79.06;28/02/2023;CE
Lucas Gabriel Silva;Produto B;9;66.76;20/09/2022;PI
Amanda Gonçalves;Produto C;2;72.11;28/08/2022;PE
Benjamin Viana;Produto D;5;29.21;02/07/2022;TO
Leonardo Nogueira;Produto B;2;98.27;14/09/2022;MA
Benício Porto;Produto C;6;90.13;18/03/2023;TO
Melissa Martins;Produto D;1;68.48;03/11/2022;SE
Davi Lucca Nunes;Produto C;3;52.32;03/05/2023;PR
Otávio Cunha;Produto A;8;10.22;07/09/2022;RR
Eduardo Barbosa;Produto A;4;14.35;24/09/2022;RS
Noah Teixeira;Produto B;7;92.44;05/09/2022;RS
Anthony Fogaça;Produto C;8;75.15;21/07/2022;PR
Anthony Jesus;Produto E;9;39.12;12/04/2023;PE
Olivia da Mata;Produto A;1;92.94;25/04/2023;PB
Anthony Jesus;Produto D;3;75.02;20/01/2023;RR
Leandro Fernandes;Produto C;2;56.08;20/11/2022;RO
Lavínia Alves;Produto E;7;65.85;13/08/2022;RN
Isadora Fogaça;Produto C;7;23.81;20/01/2023;SP
Cauê Mendes;Produto A;1;91.98;17/01/2023;PR
Dra. Isabella Dias;Produto B;5;29.38;05/07/2022;RJ
Anthony Jesus;Produto D;9;56.59;10/02/2023;RO
Ana Vitória Peixoto;Produto B;2;51.15;14/09/2022;TO
Maria Eduarda Melo;Produto D;6;14.69;21/01/2023;PA
Camila das Neves;Produto D;5;83.48;24/05/2022;TO
Nicole Nogueira;Produto D;5;89.68;18/02/2023;PR
Olivia Rocha;Produto C;6;53.73;13/02/2023;BA
Laura Silveira;Produto D;3;15.6;07/04/2023;SE
Dr. Francisco Barbosa;Produto A;10;91.02;10/06/2022;AM
Diego Ramos;Produto C;9;33.55;27/03/2023;PA
Lucca Dias;Produto E;10;83.71;18/02/2023;MT
Rebeca da Mata;Produto B;8;51.03;28/12/2022;DF
Pedro Miguel Correia;Produto C;2;97.83;17/10/2022;AL
Augusto Teixeira;Produto E;10;91.86;08/05/2023;SC
Vitor Hugo da Rosa;;5;67.8;21/05/2023;SP
Breno Fogaça;Produto E;6;44.74;15/06/2022;RN
Bernardo da Mota;Produto A;2;67.93;07/12/2022;MS
Alice Gomes;Produto E;2;45.85;19/09/2022;AM
Dra. Luna da Luz;Produto D;1;72.57;24/03/2023;RR
Daniel Almeida;Produto B;6;44.31;13/06/2022;TO
Dr. Pedro Miguel da Luz;Produto A;2;26.68;20/05/2023;SC
Paulo Viana;Produto A;4;14.54;15/12/2022;PB
Anthony das Neves;Produto A;10;42.52;27/08/2022;AL
Anthony Alves;Produto E;9;61.59;16/11/2022;DF
Thales Moraes;Produto A;2;64.24;07/08/2022;SP
Olivia Rezende;Produto B;4;72.24;19/03/2023;RN
Leonardo Fogaça;Produto B;3;46.19;12/02/2023;PB
João Felipe da Mota;Produto A;5;98.9;10/10/2022;RS
Vitória da Conceição;Produto C;10;57.43;26/05/2022;PI
Dr. Davi Lucca Mendes;Produto C;6;75.65;12/05/2023;PA
Yasmin Rocha;Produto A;4;10.05;20/12/2022;RS
Erick da Rosa;Produto C;6;68.87;04/10/2022;PB
Stephany Moura;Produto A;6;53.19;17/11/2022;SE
Marcelo Azevedo;Produto B;9;25.99;06/10/2022;AM
Anthony Jesus;Produto B;1;40.75;31/05/2022;MS
Melissa Fogaça;Produto C;8;63.93;12/04/2023;PE
Alícia Ferreira;Produto D;8;91.44;05/06/2022;CE
Isis Cunha;Produto D;8;45.56;27/10/2022;AP
Dr. Murilo Moreira;Produto A;9;17.1;18/09/2022;PI
Maria Sophia da Luz;Produto B;7;53.52;20/07/2022;MT
Luiz Gustavo Dias;Produto D;7;49.35;25/06/2022;SC
João Vitor Rodrigues;Produto B;9;64.67;14/07/2022;ES
Esther Jesus;Produto D;2;89.86;12/02/2023;MA
Cauê da Mota;Produto A;5;43.8;30/08/2022;RO
Rafaela Silva;Produto A;3;61.09;23/11/2022;PE
Maria Clara Pereira;Produto E;6;60.27;19/02/2023;SC
Nicole das Neves;Produto B;2;37.57;09/06/2022;SC
Ana Lívia da Cruz;Produto A;10;85.38;07/06/2022;RR
Maysa da Rosa;Produto E;6;24.18;18/07/2022;PB
Enzo Gabriel Costa;Produto E;8;26.34;08/12/2022;ES
Fernanda Pinto;Produto E;6;10.04;02/02/2023;AP
Maria Lopes;Produto B;10;69.32;09/07/2022;BA
Ana Sophia Campos;Produto E;9;36.8;30/10/2022;MG
Miguel da Rosa;Produto B;7;63.88;01/01/2023;AM
Brenda Peixoto;Produto C;8;92.49;19/09/2022;PA
Anthony Jesus;Produto E;4;80.92;06/12/2022;SE
Maria Alice Fogaça;Produto E;2;30.06;14/05/2023;PE
Marina Silva;Produto D;1;85.26;22/03/2023;SP
Diogo Novaes;Produto C;9;59.68;15/07/2022;RO
Valentina Lopes;Produto C;4;81.19;01/10/2022;MT
Anthony Jesus;Produto B;9;95.22;22/03/2023;PR
Anthony Jesus;Produto C;2;25.78;10/12/2022;SP
Anthony Jesus;Produto E;6;88.15;22/11/2022;PR
Otávio Gonçalves;Produto A;4;84.0;29/01/2023;PI
Breno Gomes;Produto C;3;34.69;27/08/2022;SP
Bárbara da Mata;Produto C;6;73.05;24/01/2023;RS
Juliana Campos;Produto A;9;57.34;01/12/2022;PR
Nina das Neves;Produto E;10;59.16;20/10/2022;MT
Ana Lívia Cardoso;Produto C;4;76.03;15/11/2022;PA
Dra. Maria Alice Costa;Produto A;4;34.23;03/09/2022;RR
Nicolas Silva;Produto E;6;74.07;19/06/2022;MG
Anthony Jesus;Produto B;8;35.08;10/12/2022;MS
Dr. Benjamin Cunha;Produto E;8;72.16;30/09/2022;PR
Dr. Pedro Melo;Produto C;5;77.85;04/05/2023;MS
Luana Porto;Produto B;10;18.84;09/02/2023;CE
Anthony Jesus;Produto C;1;73.77;04/05/2023;RN
Gabrielly Silveira;Produto C;9;29.15;22/04/2023;MA
Luiza da Paz;Produto A;8;99.75;24/04/2023;GO
Enrico Moraes;Produto B;4;34.73;19/07/2022;RJ
Anthony Jesus;Produto A;9;55.03;11/01/2023;AC
Mariana Rodrigues;Produto B;5;57.64;24/04/2023;BA
Ana Clara Campos;Produto E;4;68.68;03/07/2022;MS
Ana Clara Farias;Produto C;2;55.05;07/09/2022;MG
Rafael Cardoso;;8;64.27;25/12/2022;PB
Calebe das Neves;Produto E;6;57.7;09/07/2022;RO
Isaac Gomes;Produto B;10;60.87;14/11/2022;PR
Anthony Jesus;Produto D;10;98.07;08/05/2023;SE
Vitor Gabriel da Mata;Produto D;1;49.22;02/08/2022;BA
Sofia Moura;Produto B;4;73.09;22/02/2023;MS
Maria Clara Correia;Produto C;1;16.65;07/05/2023;CE
Anthony Jesus;Produto C;6;87.71;30/08/2022;ES
Vinicius Novaes;Produto E;8;23.97;29/05/2022;RR
Antônio Melo;Produto B;8;45.51;16/11/2022;AM
Ian Santos;Produto B;1;85.18;26/09/2022;RR
Daniela Fernandes;Produto B;9;85.83;08/06/2022;SP
Sophia Nascimento;Produto E;3;31.4;11/09/2022;MG
Clarice Campos;Produto B;5;47.25;07/02/2023;PR
Maria da Paz;Produto D;10;34.57;19/04/2023;CE
Giovanna Nascimento;Produto D;10;78.79;03/06/2022;PI
Davi Nunes;Produto D;10;90.57;19/06/2022;AC
Laís Nascimento;Produto E;1;97.03;28/09/2022;MT
Maria Fernanda Almeida;Produto E;3;34.2;09/04/2023;AL
Guilherme Silva;Produto E;9;86.72;06/06/2022;PE
Manuela Pereira;Produto C;7;90.02;12/07/2022;SE
Benjamin da Paz;Produto A;5;75.2;20/07/2022;DF
Eduarda da Costa;Produto E;5;77.07;17/10/2022;PA
Alexandre Gonçalves;Produto E;8;16.86;27/10/2022;MG
Fernanda Nascimento;Produto A;8;37.58;06/02/2023;BA
Pedro Miguel Barbosa;Produto C;3;94.84;17/11/2022;AP
Emanuella Teixeira;Produto C;9;53.57;22/08/2022;TO
Anthony Jesus;Produto C;10;80.41;20/06/2022;RR
Amanda Cavalcanti;Produto A;4;58.76;26/04/2023;GO
Francisco Jesus;Produto B;6;11.71;19/06/2022;CE
Daniela Ferreira;Produto E;1;89.1;14/06/2022;AC
Maysa Ferreira;Produto D;5;76.67;27/04/2023;RJ
Levi Gonçalves;Produto A;3;13.26;22/12/2022;BA
Ana Castro;Produto A;8;70.85;23/10/2022;RR
Bianca Silveira;Produto E;8;36.92;09/01/2023;TO
Maria Luiza Costela;Produto D;10;41.19;09/09/2022;PE
Sarah das Neves;Produto D;10;66.53;29/06/2022;RO
Esther Caldeira;Produto A;2;87.03;03/06/2022;MA
Elisa Farias;Produto B;10;77.37;28/10/2022;SE
Pedro Miguel Silva;Produto E;5;65.36;02/03/2023;AL
Dr. Gustavo Henrique das Neves;Produto B;7;81.79;14/09/2022;CE
Isabella Ribeiro;Produto D;3;34.03;26/09/2022;RJ
Guilherme Barbosa;Produto B;2;79.12;05/08/2022;CE
Marina da Cunha;Produto E;9;47.69;29/07/2022;MG
Anthony Jesus;Produto A;2;34.08;15/08/2022;PR
Davi Luiz Vieira;Produto A;5;79.25;13/11/2022;PR
Eduardo Nogueira;Produto B;6;83.34;26/06/2022;SP
Emanuella Rodrigues;Produto A;7;26.11;29/03/2023;RN
Anthony Jesus;Produto D;3;38.09;21/09/2022;MG
Breno Silva;Produto D;8;46.11;12/08/2022;AL
Dra. Maria Fernanda Cardoso;Produto B;5;27.27;13/05/2023;BA
Nicolas Santos;Produto E;10;73.67;11/10/2022;MG
Anthony Jesus;Produto A;10;72.68;27/01/2023;AP
Murilo Gonçalves;Produto E;3;81.09;03/02/2023;PI
Gabriela Pinto;Produto B;8;77.64;30/05/2022;SE
Miguel Barbosa;Produto C;1;20.8;21/12/2022;PR
Paulo Barbosa;Produto B;2;65.96;27/06/2022;RJ
Lorena Fogaça;Produto A;4;26.17;07/08/2022;RR
Fernanda da Rocha;Produto D;8;31.05;03/03/2023;PR
Renan Barros;Produto A;5;71.92;05/05/2023;AP
Beatriz Dias;Produto C;5;58.05;21/02/2023;RJ
Luiz Fernando Cavalcanti;Produto B;10;71.9;07/12/2022;SP
Anthony Jesus;Produto C;10;26.31;29/10/2022;DF
Alice Freitas;Produto B;10;52.04;03/07/2022;RS
Anthony Jesus;Produto C;5;11.69;29/03/2023;MT
Arthur da Paz;Produto B;8;71.07;13/10/2022;PB
Alana Ribeiro;Produto A;8;35.12;06/06/2022;SE
Nicolas Jesus;;4;81.89;02/08/2022;PA
Ana Costa;Produto B;7;48.55;23/05/2022;PA
Anthony Jesus;Produto B;10;36.12;13/05/2023;PA
Dr. Antônio Nunes;Produto D;6;43.15;11/08/2022;MG
Heitor Nogueira;Produto B;9;90.23;05/02/2023;BA
Isabel Costela;Produto E;5;44.06;19/09/2022;RR
Larissa Freitas;Produto D;10;;30/11/2022;CE
Alana Teixeira;Produto A;5;44.78;24/07/2022;AM
Alexandre Freitas;Produto C;7;50.49;26/07/2022;AC
Ana Vitória Nogueira;Produto E;4;17.88;25/04/2023;AL
Luiz Gustavo Peixoto;Produto C;9;44.37;18/08/2022;PI
Dr. Cauê Barbosa;Produto E;9;91.17;24/02/2023;ES
Yasmin Fernandes;Produto A;1;45.24;01/06/2022;SP
Dra. Maitê da Mota;Produto E;2;81.69;03/04/2023;CE
Anthony Jesus;Produto C;3;33.4;29/05/2022;PR
Anthony Jesus;Produto D;6;27.03;11/04/2023;SC
Vitória Jesus;Produto D;10;49.31;15/04/2023;RN
Ana Sophia Vieira;Produto B;7;60.57;11/01/2023;PR
Fernanda Mendes;Produto C;5;10.41;08/11/2022;MS
Alice Novaes;Produto C;1;75.65;28/02/2023;AC
Clarice Cunha;Produto E;5;57.97;14/12/2022;PB
Carolina Jesus;Produto A;1;17.28;07/08/2022;RN
Anthony Jesus;Produto A;5;20.34;30/01/2023;SE
Camila Viana;Produto C;3;63.64;16/10/2022;SC
Renan Cunha;Produto D;1;60.68;22/12/2022;RJ
Enrico Campos;Produto E;4;67.93;27/04/2023;SP
Melissa Martins;Produto B;6;26.8;04/01/2023;AP
Henrique da Rocha;Produto A;5;97.2;29/03/2023;ES
Melissa Martins;Produto D;9;62.4;30/09/2022;RS
Luiz Otávio Mendes;Produto C;9;94.33;10/06/2022;AM
Melissa Martins;Produto E;6;44.86;06/10/2022;AC
Giovanna da Cruz;Produto C;1;;29/06/2022;MA
Lucca Rodrigues;Produto B;5;31.01;22/10/2022;AP
Dr. Anthony Oliveira;Produto C;7;54.42;15/03/2023;MT
Melissa Martins;Produto C;6;53.48;04/07/2022;PB
Leandro Campos;Produto E;9;71.38;26/04/2023;MG
Dr. Miguel Gomes;Produto D;10;88.3;19/11/2022;AM
Lorena Teixeira;Produto A;7;24.21;12/10/2022;AP
Isis Barbosa;Produto D;1;32.96;26/01/2023;PI
João da Conceição;Produto B;8;67.09;12/10/2022;CE
Kaique da Cruz;Produto D;5;43.59;08/11/2022;SC
Alícia Azevedo;Produto A;9;46.42;28/05/2022;MA
Dr. Anthony Oliveira;Produto B;8;84.23;01/09/2022;ES
Melissa Martins;Produto D;5;63.0;18/05/2023;MS
Lucas Gabriel Carvalho;Produto E;3;52.81;25/09/2022;AP
Ryan Teixeira;Produto E;4;19.24;27/02/2023;RR
Melissa Martins;Produto E;4;79.46;08/12/2022;PI
Melissa Martins;Produto A;4;21.71;19/07/2022;TO
João Vitor da Costa;Produto A;10;30.59;08/09/2022;SE
Maria Luiza Cardoso;Produto D;10;41.06;10/03/2023;SP
Milena Fernandes;Produto C;1;23.39;09/10/2022;RO
Brenda Costela;Produto A;5;18.89;27/09/2022;AC
Caio Azevedo;Produto B;5;73.16;01/12/2022;PE
Vinicius Gonçalves;Produto B;9;15.67;16/07/2022;RS
Mirella Pires;Produto A;5;25.03;14/09/2022;CE
Camila Vieira;Produto E;7;20.15;18/10/2022;MG
Ana Laura Moraes;Produto D;9;29.41;18/04/2023;RJ
Lucca da Conceição;Produto A;9;31.35;26/12/2022;AM
Maria Alice Cunha;Produto B;6;78.15;09/01/2023;PB
Arthur Carvalho;Produto B;3;22.23;28/03/2023;PB
Melissa Martins;Produto B;10;15.97;15/02/2023;SC
Caio da Rocha;Produto D;1;38.97;28/09/2022;MG
Ana Clara Melo;Produto A;1;19.92;16/08/2022;RN
Vitor Hugo Santos;Produto E;7;91.74;12/05/2023;PI
Bernardo Peixoto;Produto A;7;90.01;10/04/2023;ES
Emanuella Gonçalves;Produto D;8;97.01;02/03/2023;PA
Davi Lucas Castro;Produto B;9;51.22;10/12/2022;PR
Olivia da Conceição;Produto D;3;67.11;25/10/2022;RN
Melissa Martins;Produto B;4;56.33;09/02/2023;RJ
Melissa Martins;Produto D;2;56.72;19/03/2023;MG
Ana Beatriz Correia;;4;37.72;18/04/2023;RS
Raquel da Conceição;Produto A;4;20.22;12/01/2023;RR
Ana Júlia da Rocha;Produto A;10;56.79;14/04/2023;ES
Calebe Gomes;Produto C;5;70.16;21/03/2023;SE
Dra. Gabrielly Martins;Produto A;5;91.86;19/12/2022;PE
Dra. Ana Julia Caldeira;Produto B;1;75.33;23/10/2022;DF
Clara Vieira;Produto E;2;29.44;19/02/2023;RN
Nicolas Moreira;Produto D;6;68.5;31/07/2022;SP
Melissa Martins;Produto B;5;74.95;27/05/2022;RJ
Mariane Pires;Produto A;5;67.48;03/08/2022;PE
Melissa Martins;Produto C;9;94.56;21/04/2023;MG
Pedro Araújo;Produto C;6;43.75;05/09/2022;ES
João Gabriel Porto;Produto C;4;57.13;18/12/2022;BA
Sarah Novaes;Produto B;6;96.42;19/11/2022;RS
Lucas Gabriel Caldeira;Produto B;10;36.54;03/11/2022;MS
Isadora Campos;Produto A;6;10.34;04/01/2023;RN
Sabrina Monteiro;Produto A;9;39.84;15/03/2023;PR
Pedro Araújo;Produto D;7;76.12;24/05/2022;PE
Marcelo Campos;Produto B;2;58.31;14/06/2022;RR
Dr. Enrico da Mata;Produto E;3;69.92;20/02/2023;MS
Pietro Martins;Produto B;9;94.52;25/07/2022;RO
Pedro Araújo;Produto B;3;56.92;20/04/2023;MS
Laura da Mota;Produto D;6;75.69;28/01/2023;RS
Larissa Ferreira;Produto C;4;78.37;26/01/2023;DF
Pedro Araújo;Produto B;10;48.42;14/01/2023;DF
Ana Laura Silveira;Produto B;4;83.93;09/07/2022;DF
Luna Ramos;Produto E;7;45.94;23/10/2022;GO
João Gabriel Azevedo;Produto C;3;99.15;07/03/2023;AL
Caroline Gomes;Produto B;1;87.41;05/03/2023;ES
Letícia da Luz;Produto B;3;41.39;04/07/2022;PE
Cauã Pires;Produto D;3;42.58;28/06/2022;AP
Paulo da Cunha;Produto B;8;98.64;27/02/2023;RO
Pietro Nunes;Produto E;7;38.49;26/01/2023;MS
Breno da Rosa;Produto B;4;;23/05/2022;MG
Ana Lívia Teixeira;Produto B;7;65.65;21/02/2023;RN
Luiz Gustavo Barbosa;Produto A;1;20.21;03/10/2022;PA
Kamilly Ramos;Produto E;3;46.69;27/03/2023;GO
Manuela da Mota;Produto D;9;12.22;29/08/2022;RN
Dra. Isabel Mendes;Produto E;7;70.58;25/02/2023;CE
Raquel Caldeira;Produto C;7;88.04;06/04/2023;AM
Júlia Viana;Produto E;1;43.63;10/06/2022;PR
Pedro Araújo;Produto B;10;91.15;15/06/2022;AC
Luiz Otávio Oliveira;Produto B;7;95.15;30/01/2023;MT
Dra. Maria Viana;Produto A;4;25.74;25/01/2023;PI
Ana Dias;Produto D;7;28.21;27/01/2023;PI
Bryan da Costa;Produto E;2;85.19;10/01/2023;PI
Maria Fernanda Santos;Produto B;3;21.04;04/01/2023;PA
Juan Viana;Produto A;4;10.28;23/07/2022;RR
Felipe Vieira;Produto C;4;24.11;22/11/2022;SE
Vitória da Paz;Produto C;8;53.29;25/04/2023;SE
Alícia Campos;Produto C;6;95.78;25/10/2022;BA
Fernanda Nunes;Produto D;6;40.13;04/04/2023;GO
Natália Dias;Produto B;1;70.62;12/01/2023;PI
Amanda Porto;Produto A;4;78.78;06/11/2022;PR
Enzo Carvalho;Produto C;4;68.06;19/07/2022;SE
Thiago Pinto;Produto B;9;91.19;02/06/2022;TO
Caroline Correia;Produto E;6;56.86;24/06/2022;DF
Maria Ferreira;Produto E;6;26.09;29/01/2023;PB
Yuri Rocha;Produto B;6;77.45;12/02/2023;PB
Felipe Pereira;Produto A;6;78.28;15/03/2023;DF
Lucas da Costa;Produto B;10;38.77;27/05/2022;PE
Igor da Luz;Produto B;2;48.12;09/11/2022;RN
Fernando Fogaça;Produto A;8;44.41;26/06/2022;AL
Ana Lívia da Mata;Produto C;5;82.6;23/03/2023;PB
Vitor Gabriel Caldeira;Produto D;3;34.07;10/08/2022;MA
Enrico Aragão;Produto B;10;53.03;18/09/2022;CE
Isadora Souza;Produto E;1;50.6;18/10/2022;AL
Ana Lívia Moura;Produto E;2;78.89;04/10/2022;AP
Elisa Duarte;Produto C;8;98.09;29/01/2023;RR
Pedro Miguel Duarte;;7;61.35;13/01/2023;SE
Isadora da Luz;Produto D;10;88.24;11/09/2022;PA
Luiza Porto;Produto A;4;10.95;07/12/2022;AP
Marcela Moura;Produto D;9;15.25;08/05/2023;RS
Gustavo Henrique Novaes;Produto E;4;18.88;07/06/2022;AL
Daniela Araújo;Produto C;4;60.94;04/10/2022;AL
Emanuel da Conceição;Produto E;4;18.27;01/07/2022;GO
Enzo da Mota;Produto C;7;65.11;21/08/2022;MS
Pedro Araújo;Produto D;6;87.42;18/01/2023;RR
Rebeca Freitas;Produto D;9;35.4;03/06/2022;RN
Vitor Hugo Silva;Produto B;1;24.64;02/12/2022;PA
Lucca Costa;Produto C;4;25.83;23/08/2022;ES
Pedro Araújo;Produto D;6;86.38;20/03/2023;SE
Valentina Barros;Produto D;3;32.53;07/08/2022;PI
Amanda Melo;Produto C;3;15.65;17/08/2022;MT
Augusto Costa;Produto E;7;19.79;13/05/2023;RN
Nicolas Farias;Produto C;3;43.2;18/09/2022;PB
Yuri Ferreira;Produto D;5;20.2;01/07/2022;SC
Esther Ribeiro;Produto D;5;75.56;26/04/2023;DF
Ana Correia;Produto D;4;58.19;09/10/2022;RR
Luiz Miguel Souza;Produto A;4;71.27;30/09/2022;RO
Rodrigo Rezende;Produto E;10;75.96;19/04/2023;BA
João Guilherme Moura;Produto C;10;11.73;31/07/2022;MA
Dra. Sabrina da Paz;Produto D;10;15.35;11/01/2023;MG
Kevin Nascimento;Produto B;5;90.9;02/03/2023;AM
Pedro Araújo;Produto C;10;76.26;20/11/2022;AL
Thales Cardoso;Produto C;8;19.09;26/09/2022;PR
Pedro Araújo;Produto B;4;95.97;16/04/2023;PA
Pedro Araújo;Produto A;8;91.83;30/01/2023;PI
Maria Cecília Mendes;Produto A;8;60.96;17/09/2022;RR
João das Neves;Produto A;10;48.65;26/06/2022;SE
João Ramos;Produto B;10;66.88;02/09/2022;MT
Maria Vitória Silveira;Produto D;4;97.12;02/02/2023;RR
Pedro Araújo;Produto D;2;30.5;02/07/2022;RS
João Gabriel Lopes;Produto B;5;15.42;09/09/2022;SP
Benício Novaes;Produto C;7;57.52;17/06/2022;AL
Ana Laura Moreira;Produto E;2;66.59;20/06/2022;MT
Maria Lima;Produto D;8;26.19;10/06/2022;AP
Ana Laura da Rocha;Produto D;2;47.05;01/12/2022;TO
Dr. Davi Luiz da Paz;Produto E;2;87.19;01/10/2022;ES
Caio Nascimento;Produto D;5;80.02;14/12/2022;MG
Dra. Vitória Freitas;Produto B;3;10.9;23/07/2022;DF
João Vitor da Cruz;Produto A;9;69.57;01/12/2022;RO
Maysa Pereira;Produto B;9;53.1;27/04/2023;SC
Bruno Rocha;Produto E;6;11.09;31/10/2022;AC
Maria Sophia Jesus;Produto D;6;20.9;07/10/2022;RN
Ryan Barbosa;Produto D;10;64.44;24/01/2023;ES
Bianca Moreira;Produto C;6;23.91;01/02/2023;ES
Dr. Isaac Fogaça;Produto B;10;25.1;17/11/2022;SE
Dra. Evelyn Costa;Produto A;10;95.7;17/05/2023;PA
Pedro Araújo;Produto C;7;92.33;30/07/2022;AM
Luna Costela;Produto C;7;46.73;25/07/2022;AM
Joana Cavalcanti;Produto C;4;90.89;24/07/2022;CE
Bryan Lopes;Produto C;1;94.19;06/04/2023;AC
Pedro Araújo;Produto D;10;39.67;17/02/2023;PB
Luigi da Costa;Produto E;7;29.6;02/01/2023;RN
Otávio da Cruz;Produto C;7;67.52;03/02/2023;AP
Caio Pereira;Produto B;2;13.05;02/12/2022;RJ
Ryan Nascimento;Produto E;6;82.61;10/03/2023;SE
Julia Farias;Produto A;4;92.98;25/08/2022;MG
Dr. Yago da Rosa;Produto A;5;;22/08/2022;AL
Milena Novaes;Produto D;4;26.99;22/10/2022;AM
Gustavo Cavalcanti;Produto C;2;19.43;27/09/2022;AP
Ryan da Mata;Produto E;8;50.51;08/11/2022;RR
Emanuella da Paz;Produto D;7;39.38;02/09/2022;RN
Vicente Melo;Produto D;1;85.73;27/02/2023;AM
João Pedro das Neves;Produto C;5;60.14;21/03/2023;MS
Agatha Moraes;Produto E;3;59.85;31/03/2023;AL
João Guilherme Cunha;Produto C;1;67.59;01/10/2022;AL
Marcelo Almeida;Produto C;3;69.78;27/10/2022;PE
Enrico Rodrigues;Produto B;7;56.73;11/09/2022;MS
Maria Julia Pinto;Produto E;2;29.96;09/05/2023;AM
Davi Luiz Rezende;Produto D;2;60.84;26/12/2022;MG
Augusto Cavalcanti;Produto D;10;21.6;08/08/2022;GO
Luna Souza;Produto A;5;96.38;23/07/2022;MS
Maria Clara Azevedo;Produto C;9;74.27;04/04/2023;SP
Vinicius Moreira;Produto D;3;27.32;11/08/2022;MT
João Felipe Carvalho;Produto A;10;46.13;18/12/2022;ES
Carolina Fernandes;Produto C;9;51.47;05/11/2022;CE
Luana Jesus;Produto B;2;13.17;08/09/2022;RS
Larissa da Mota;Produto C;3;39.71;30/09/2022;TO
Pedro Araújo;Produto B;2;50.21;11/05/2023;RR
Noah Rezende;Produto B;9;84.97;01/12/2022;PI
Gustavo Novaes;Produto C;5;62.43;01/02/2023;PI
Paulo Moreira;Produto E;3;20.75;16/09/2022;MT
Marcos Vinicius Mendes;Produto B;4;97.41;31/12/2022;RS
Maria Luiza Castro;Produto B;4;49.78;10/10/2022;MS
Brenda Nascimento;Produto D;3;50.42;20/04/2023;RN
Eloah Correia;Produto A;7;78.39;03/03/2023;SE
Maitê Cavalcanti;Produto C;8;56.29;25/09/2022;GO
Pedro Araújo;Produto C;7;78.07;14/09/2022;CE
Dr. João Lucas da Rosa;Produto D;1;17.25;09/02/2023;RN
Luiza Caldeira;Produto B;1;85.32;20/03/2023;SP
João Gabriel Pinto;Produto C;4;26.79;20/02/2023;PB
Emilly Viana;Produto D;3;67.92;27/01/2023;AC
Ana Júlia Alves;Produto A;6;38.04;26/02/2023;GO
Eloah da Mota;Produto B;10;60.25;22/01/2023;MG
Calebe Pereira;Produto B;5;69.52;15/01/2023;GO
Pedro Araújo;Produto A;3;57.28;11/10/2022;DF
Elisa da Mata;Produto D;10;97.17;02/07/2022;PB
Pedro Araújo;Produto C;9;49.08;15/02/2023;MG
Pedro Araújo;Produto B;7;43.33;02/07/2022;AC
Pedro Araújo;Produto C;2;26.31;03/09/2022;RR
Dr. Otávio Nunes;Produto C;9;91.43;12/12/2022;AP
Theo Lima;Produto A;1;31.16;31/12/2022;RS
Alana Moraes;Produto E;2;85.2;23/03/2023;TO
Leandro Melo;Produto C;8;89.94;20/10/2022;CE
Brenda Lopes;Produto B;8;99.93;03/09/2022;SC
Anthony Jesus;Produto A;4;20.85;12/08/2022;RO
Anthony Jesus;Produto D;8;49.82;05/09/2022;MA
João Gabriel das Neves;Produto C;7;35.22;21/05/2023;PE
Lara Gonçalves;Produto B;1;36.27;01/05/2023;GO
Pedro Henrique da Mata;Produto D;8;10.38;15/11/2022;PI
Yago Silva;Produto A;1;76.93;24/10/2022;AL
Valentina Nunes;Produto D;1;19.39;13/11/2022;AC
Dra. Evelyn Novaes;Produto C;10;83.11;03/09/2022;RJ
Anthony Jesus;Produto A;10;18.34;29/04/2023;MT
Anthony Jesus;Produto C;4;15.29;23/03/2023;PR
Nathan Castro;Produto C;4;30.26;06/08/2022;BA
Daniel Costa;Produto C;3;34.62;24/09/2022;MA
Davi Lucca Peixoto;Produto A;7;58.9;03/03/2023;CE
Rodrigo Peixoto;Produto C;5;30.23;10/07/2022;MT
Joaquim Rezende;Produto B;2;94.82;19/04/2023;DF
Anthony Jesus;Produto A;3;27.48;24/02/2023;MG
Júlia Jesus;Produto E;4;59.24;26/07/2022;GO
Yasmin da Costa;Produto D;5;98.47;04/09/2022;BA
Clara Moreira;Produto A;4;76.38;28/04/2023;MA
Pedro Henrique Dias;Produto C;5;54.45;07/01/2023;PB
Brenda Cunha;Produto E;7;35.38;19/04/2023;GO
Igor Aragão;Produto C;4;93.25;21/11/2022;PR
Caroline Duarte;Produto D;8;68.83;09/07/2022;PR
Maria Vitória Nogueira;Produto D;7;93.37;20/09/2022;AM
Danilo Cavalcanti;Produto D;2;46.08;30/12/2022;BA
Catarina Correia;Produto C;9;19.71;14/11/2022;ES
Nicole Aragão;Produto E;5;92.42;12/06/2022;RN
Antônio Lima;Produto E;8;36.36;11/06/2022;AP
Maria Cecília Aragão;Produto E;6;80.03;19/12/2022;AL
Diego Teixeira;Produto A;7;74.63;07/12/2022;CE
Lucas Lopes;Produto C;6;73.98;13/08/2022;TO
Eduarda Alves;Produto E;7;36.68;16/07/2022;PI
Emanuella Pires;Produto D;5;47.63;09/05/2023;RJ
Nicole da Paz;Produto D;6;34.44;11/11/2022;TO
Anthony Jesus;Produto E;4;51.01;08/11/2022;PB
Lorena Vieira;Produto E;4;48.93;11/06/2022;MT
Juan Carvalho;Produto A;4;90.83;23/11/2022;PE
Lucca das Neves;Produto E;5;10.33;28/01/2023;MS
Evelyn Nunes;Produto B;4;51.24;19/12/2022;AL
Cecília Dias;Produto E;4;69.36;11/02/2023;RO
Isabel Almeida;Produto B;1;;13/04/2023;AC
Gabriela Barros;Produto C;4;94.98;16/10/2022;PA
Ana Lívia da Paz;Produto A;8;11.22;18/06/2022;SP
Benício da Paz;Produto B;10;88.55;21/03/2023;BA
Anthony Jesus;Produto C;3;29.81;17/11/2022;RS
Otávio Alves;Produto C;3;65.91;04/08/2022;ES
Larissa Dias;Produto A;10;72.11;09/05/2023;RR
João Guilherme Nogueira;Produto E;7;35.08;01/06/2022;SP
Anthony Jesus;Produto B;1;14.51;21/08/2022;RO
Heloísa Pereira;Produto B;7;31.86;22/02/2023;RN
Helena Farias;Produto A;9;62.41;03/07/2022;RJ
Anthony Jesus;Produto D;5;52.05;29/05/2022;RN
Marcelo Nunes;Produto B;10;68.36;30/11/2022;RO
Breno Campos;Produto C;2;37.61;30/10/2022;PE
Rodrigo Oliveira;Produto C;4;49.44;25/09/2022;MT
Alícia Campos;Produto D;2;93.9;27/02/2023;AC
Natália Viana;Produto D;1;15.24;04/04/2023;SP
Carolina Ferreira;Produto B;8;13.08;22/08/2022;MT
Brenda Carvalho;Produto B;6;51.31;02/11/2022;CE
Lucca Cardoso;Produto B;10;80.64;29/07/2022;SP
Mariana da Mata;Produto E;6;20.48;14/12/2022;RJ
Anthony Jesus;Produto D;5;38.0;04/10/2022;PE
Davi Lucas Fernandes;Produto B;9;57.89;11/11/2022;RO
Anthony Jesus;Produto B;8;39.32;07/04/2023;BA
Beatriz Castro;Produto A;3;34.23;06/05/2023;TO
Davi Lucas Teixeira;Produto D;10;72.01;16/10/2022;PI
Letícia da Cunha;Produto A;5;59.81;09/05/2023;SC
Nina Lopes;Produto C;3;58.38;18/08/2022;PB
Anthony Jesus;Produto B;5;15.77;05/02/2023;PE
Dr. Bernardo da Rosa;Produto C;4;61.37;12/12/2022;RO
Leandro Lessa;Produto D;5;93.17;06/06/2022;MG
Enrico Caldeira;Produto A;7;43.27;29/11/2022;RR
Ryan Campos;Produto A;1;95.33;29/12/2022;BA
Clarice da Rocha;Produto A;5;29.32;25/01/2023;RR
Eloah Cunha;Produto B;3;19.38;01/07/2022;RN
Bruno Farias;Produto E;1;44.54;13/02/2023;MT
Júlia Oliveira;Produto A;1;16.84;25/08/2022;SC
Fernanda Melo;Produto A;6;84.11;23/11/2022;RJ
Enzo Viana;Produto E;2;83.9;27/05/2022;GO
Helena Lima;Produto A;9;53.64;01/12/2022;MG
Ana Carolina Rezende;Produto B;8;88.35;01/07/2022;AL
Luiz Miguel Pereira;Produto A;7;57.33;25/05/2022;RO
Bruna Fogaça;Produto E;2;58.53;11/07/2022;PR
Caroline Moreira;Produto B;9;84.93;24/11/2022;MS
Bruna Duarte;Produto E;3;41.5;24/07/2022;MT
Lívia Cardoso;Produto D;6;23.56;01/05/2023;RJ
Letícia Souza;Produto D;8;72.35;12/05/2023;ES
Caio Correia;Produto D;5;88.18;01/12/2022;AL
Renan Lopes;Produto B;6;19.16;22/04/2023;BA
Isabella Araújo;Produto A;5;58.19;20/04/2023;PE
Helena Nunes;Produto B;7;57.88;31/12/2022;RO
Leandro Lessa;Produto E;3;13.24;21/08/2022;RN
Dr. Pedro Henrique Almeida;Produto B;4;48.38;03/05/2023;AL
Theo Rodrigues;Produto C;8;40.18;20/06/2022;PB
Sarah Cardoso;Produto E;10;77.43;14/06/2022;MA
Emanuella Lopes;Produto A;2;82.0;14/02/2023;TO
Leandro Lessa;Produto D;3;57.83;02/09/2022;RN
Eloah Peixoto;Produto E;2;43.06;27/01/2023;PB
Ana Júlia Cunha;Produto A;8;89.21;05/08/2022;PI
Ana Carolina Rodrigues;Produto E;9;75.96;12/04/2023;AL
Lívia Monteiro;Produto D;9;96.08;01/07/2022;MT
Davi Luiz Azevedo;Produto C;8;39.36;23/04/2023;MG
Maria Vitória Costela;Produto B;7;55.74;09/12/2022;SE
Luna Moreira;Produto E;6;47.33;07/01/2023;MS
Marcela Duarte;Produto D;10;53.64;11/12/2022;CE
Maysa Moura;Produto A;6;15.7;11/09/2022;AP
Ian Rocha;Produto A;5;97.39;18/09/2022;ES
Cauã Campos;Produto C;5;83.88;09/06/2022;MS
Breno Rodrigues;Produto C;3;43.61;24/06/2022;ES
Leandro Lessa;Produto D;10;20.58;14/03/2023;PE
Levi Teixeira;Produto B;6;98.37;31/01/2023;AM
Felipe Dias;Produto D;4;59.15;27/08/2022;AM
Gustavo Henrique Farias;Produto B;7;41.92;30/05/2022;MG
Kevin da Conceição;Produto E;9;86.66;26/04/2023;TO
Leandro Caldeira;Produto E;9;69.63;23/04/2023;MS
Enzo Novaes;Produto D;7;23.65;28/05/2022;SP
Daniel Sales;Produto A;7;54.37;04/11/2022;RS
Daniela Viana;Produto C;2;48.36;13/07/2022;MT
Leandro Lessa;Produto C;8;55.24;11/03/2023;RS
Ryan Aragão;Produto D;10;60.13;29/09/2022;MS
Leandro Lessa;Produto E;6;67.76;04/01/2023;PA
Leandro Lessa;Produto D;10;31.62;15/06/2022;AP
Nicolas Souza;Produto C;8;89.09;03/02/2023;RJ
Dr. Daniel Novaes;Produto B;9;77.96;08/05/2023;PA
Leandro Lessa;Produto D;7;48.97;27/08/2022;PI
Yago Cardoso;Produto D;7;84.01;01/11/2022;RS
Augusto Souza;Produto C;9;17.14;30/11/2022;PA
Beatriz Castro;Produto B;2;95.72;04/01/2023;DF
Igor Rezende;Produto C;5;39.46;22/01/2023;CE
Bruno Gomes;Produto C;5;19.48;17/07/2022;ES
Leandro Lessa;Produto C;6;;15/09/2022;MA
Pedro Lucas Caldeira;Produto D;9;24.25;30/06/2022;DF
Dr. Cauã Lima;Produto A;5;20.25;30/04/2023;SE
Luiz Fernando Porto;Produto E;8;64.91;15/11/2022;SE
Larissa Cunha;Produto E;6;11.62;13/12/2022;DF
Leandro Lessa;Produto D;3;40.45;08/11/2022;SE
Maysa Fernandes;Produto A;9;60.44;03/01/2023;RJ
Cecília Freitas;Produto A;4;26.53;03/07/2022;RR
Luigi Almeida;Produto D;5;12.97;05/03/2023;AL
Marcos Vinicius Carvalho;Produto D;9;13.2;28/06/2022;RN
Luna da Mota;Produto B;6;53.17;17/04/2023;RO
João Felipe da Mota;Produto B;7;45.23;05/11/2022;AC
Diego da Cunha;Produto D;1;33.16;15/06/2022;MT
Maria Vitória Ribeiro;Produto C;4;79.9;08/12/2022;RJ
João Gabriel Ramos;Produto C;9;64.9;03/06/2022;AL
Vitor Gabriel Fernandes;Produto D;2;86.71;02/10/2022;PR
Pietra da Luz;Produto E;4;44.44;13/04/2023;RJ
Isabelly Pires;Produto D;5;68.35;06/03/2023;RN
Noah Alves;Produto C;4;47.62;25/05/2022;RO
Leonardo Pereira;Produto D;9;45.31;11/11/2022;PI
Fernanda Jesus;Produto C;8;11.87;01/10/2022;GO
Amanda Porto;Produto E;1;23.4;03/05/2023;CE
Dr. Davi Lucca Azevedo;Produto B;10;25.26;17/07/2022;AL
Vitor Ferreira;Produto A;1;31.51;15/05/2023;PR
Rafaela Ferreira;Produto D;10;62.25;15/10/2022;PR
Dr. Ryan Moraes;Produto D;10;96.51;17/10/2022;MA
Matheus Souza;Produto C;9;97.06;17/02/2023;MS
Dr. André Almeida;Produto A;6;22.46;21/10/2022;PA
Larissa Pires;Produto B;5;23.75;04/04/2023;CE
João Vitor Cardoso;Produto A;3;48.35;11/06/2022;RJ
Maitê da Luz;Produto B;7;60.53;22/04/2023;BA
Pedro Miguel Carvalho;Produto A;1;77.48;07/02/2023;MG
Mirella Silva;Produto C;8;26.74;27/02/2023;MS
Eduardo Rezende;Produto C;6;72.92;30/11/2022;CE
Dr. Enzo Gabriel Novaes;Produto C;6;14.53;04/10/2022;GO
Dr. Breno Moraes;Produto E;5;54.35;13/11/2022;AM
Isis Monteiro;Produto E;6;14.93;09/10/2022;BA
Samuel Souza;Produto E;2;96.71;08/10/2022;SP
Emanuella da Rocha;Produto D;2;99.44;22/11/2022;SP
Kaique Santos;Produto D;8;10.66;23/09/2022;PB
Vitor Hugo da Paz;Produto E;8;32.2;21/11/2022;BA
Dr. Ian Fogaça;Produto A;7;86.53;25/09/2022;PB
Eduardo da Cunha;Produto A;4;76.02;29/03/2023;RR
Antônio Martins;Produto A;4;85.7;23/09/2022;MG
Bárbara Pereira;Produto B;8;16.5;18/06/2022;RJ
Dr. Anthony Nunes;Produto C;9;57.32;20/09/2022;CE
Eloah da Cruz;Produto A;9;68.36;12/07/2022;MS
João Guilherme Ferreira;Produto E;5;78.47;06/06/2022;GO
Isis Cardoso;Produto D;2;60.73;22/05/2023;SE
Marcelo Porto;Produto C;7;31.88;10/12/2022;GO
Dr. Paulo Melo;Produto A;9;43.1;15/07/2022;RS
Leandro Lessa;Produto E;9;76.65;17/05/2023;MG
Yuri da Mata;Produto B;4;89.35;29/03/2023;BA
Maria Eduarda Cardoso;Produto A;10;96.86;03/11/2022;MA
Dr. Benjamin da Paz;Produto C;2;96.1;15/04/2023;SE
Carlos Eduardo Carvalho;Produto C;3;92.95;13/03/2023;AL
Clarice Mendes;Produto E;8;20.31;04/01/2023;PA
Dra. Júlia Peixoto;Produto D;8;58.52;05/01/2023;SP
Vitor Santos;Produto A;6;18.15;17/12/2022;PE
Breno Rezende;Produto D;8;75.57;24/03/2023;MS
Dra. Valentina Farias;Produto D;3;15.39;23/12/2022;GO
Enzo Freitas;Produto C;8;35.44;30/11/2022;RJ
Luiz Gustavo Fogaça;Produto A;1;38.37;27/12/2022;PI
Giovanna Nogueira;Produto C;10;54.84;17/07/2022;SP
Isis Rodrigues;Produto A;9;11.35;26/02/2023;PA
Daniel Nascimento;Produto B;6;44.76;11/04/2023;MS
Daniela Araújo;Produto B;4;95.29;31/12/2022;MG
Larissa Costela;Produto C;1;59.23;05/05/2023;AL
Elisa Castro;Produto A;4;36.25;01/06/2022;AL
Pedro Miguel Duarte;Produto C;3;23.02;19/01/2023;SE
Leandro Lessa;Produto D;1;65.72;04/06/2022;GO
Dr. André Castro;Produto B;3;35.95;14/09/2022;RN
Letícia Araújo;Produto E;9;81.24;29/09/2022;ES
Dr. João Melo;Produto C;9;93.58;11/02/2023;SP
Dr. Emanuel Sales;Produto D;3;42.69;29/10/2022;MG
Luana Vieira;Produto C;8;35.72;05/06/2022;RN
Sarah da Luz;Produto B;6;71.08;31/01/2023;AC
Maria Eduarda Porto;Produto E;2;69.43;11/08/2022;AP
Davi Ferreira;Produto B;10;55.68;22/05/2023;DF
Sofia Barbosa;Produto E;5;49.49;15/12/2022;RJ
Evelyn Pinto;Produto C;4;59.02;12/08/2022;PA
Catarina Gonçalves;Produto B;2;56.12;29/06/2022;RN
Olivia Rezende;;9;40.05;22/12/2022;PB
Rodrigo Fogaça;Produto C;8;52.0;16/05/2023;RN
Pedro Araújo;Produto B;7;23.39;12/06/2022;MS
Leandro Lessa;Produto B;9;41.51;11/07/2022;AP
João Vitor Azevedo;Produto A;10;78.5;11/12/2022;PE
Leandro Lessa;Produto A;2;21.82;10/11/2022;MS
Nathan Silveira;Produto D;9;41.84;06/03/2023;AL
Matheus Mendes;Produto A;6;35.35;31/03/2023;PA
Leandro Lessa;Produto C;9;;28/04/2023;PR
Gabrielly Dias;Produto C;4;73.08;30/07/2022;SC
Daniel da Cunha;Produto C;9;12.08;12/01/2023;SE
Mariane das Neves;Produto E;2;74.57;05/03/2023;GO
Calebe Almeida;Produto B;5;57.61;01/01/2023;RS
Luiz Miguel Fernandes;Produto C;9;71.94;10/09/2022;RR
Nicolas Sales;Produto E;1;59.59;08/07/2022;RR
Stella Pinto;Produto E;2;29.39;05/03/2023;AP
Dra. Milena Dias;Produto B;2;12.55;25/12/2022;PB
Rafaela da Cunha;Produto E;9;52.28;27/05/2022;AL
Raquel Rocha;Produto B;4;18.01;03/04/2023;RR
Kevin da Cruz;Produto B;5;47.93;30/12/2022;ES
Otávio da Paz;Produto B;1;37.98;15/07/2022;MG
Maitê Correia;Produto C;6;79.43;01/02/2023;PE
Emilly Martins;Produto A;4;37.97;01/02/2023;SE
Joana Cardoso;Produto E;3;46.52;02/05/2023;MG
Felipe Moura;Produto A;10;58.05;08/08/2022;MS
Gabriel Lima;Produto D;3;25.3;11/11/2022;AL
Isaac Sales;Produto E;6;23.69;01/11/2022;PA
Dr. Anthony Gonçalves;Produto E;1;41.79;22/08/2022;RN
Luiz Fernando Novaes;Produto D;5;18.03;16/12/2022;MS
Renan da Costa;Produto A;4;20.59;07/08/2022;MS
Sophia Sales;Produto E;9;48.05;01/11/2022;AC
Vitor Caldeira;Produto E;9;74.79;31/10/2022;PR
Leandro Lessa;Produto A;1;24.34;20/04/2023;PE
Thomas Mendes;Produto D;6;81.86;29/04/2023;TO
Sarah Rezende;Produto B;4;54.07;03/06/2022;DF
Marcos Vinicius Freitas;Produto C;7;68.48;09/05/2023;MA
Leandro Lessa;Produto B;5;60.66;03/12/2022;AC
Pedro Miguel Melo;Produto B;4;85.85;26/11/2022;PB
Vicente Souza;Produto D;1;92.19;04/01/2023;PA
Stella Costela;Produto C;5;95.72;12/11/2022;PE
Clara Pinto;Produto B;3;62.69;24/10/2022;TO
Mariana Rodrigues;Produto B;3;43.42;30/10/2022;RN
Davi Lucas Alves;Produto B;9;78.84;20/02/2023;CE
Helena Almeida;Produto E;1;67.52;29/09/2022;SC
Stephany Rodrigues;Produto D;1;20.8;25/04/2023;PE
Thales Barros;Produto D;1;13.96;20/03/2023;AL
Carolina Mendes;Produto B;3;78.87;03/06/2022;MG
Ana Dias;Produto D;1;81.31;10/01/2023;RR
Luigi Cavalcanti;Produto E;10;84.76;10/11/2022;MG
Davi Lucas Nascimento;Produto E;5;35.06;29/03/2023;PB
Gustavo Henrique Sales;Produto A;10;16.56;30/12/2022;AM
Manuela Moreira;Produto B;4;36.1;04/12/2022;RS
Alice da Rocha;Produto C;8;15.21;18/06/2022;MT
Ana Lívia Cunha;Produto C;8;23.9;06/07/2022;MT
Stella Melo;Produto B;6;67.3;07/09/2022;RR
Cecília Fernandes;Produto D;6;42.95;16/01/2023;PE
Maysa Barros;Produto A;2;87.08;21/11/2022;RO
João Pedro Alves;Produto A;3;67.75;26/03/2023;BA
Vicente Pinto;Produto B;10;73.75;20/02/2023;SE
Letícia Castro;Produto E;9;17.94;26/12/2022;DF
João Vitor Castro;Produto E;10;77.02;11/12/2022;PE
Ana Sophia da Cunha;Produto E;1;42.58;13/09/2022;RJ
Alícia Caldeira;Produto B;4;84.15;29/12/2022;RN
Camila Teixeira;Produto B;1;85.68;13/12/2022;RS
Sarah da Rosa;Produto D;3;61.36;22/06/2022;PE
Maria Luiza Rocha;Produto A;6;25.92;06/01/2023;RN
Sophie Novaes;Produto E;10;96.93;10/08/2022;AM
Fernanda Nascimento;Produto A;3;45.47;08/06/2022;DF
Maria Sophia Porto;Produto A;2;60.46;03/11/2022;MG
Mirella Jesus;Produto D;10;86.98;23/07/2022;BA
Lívia da Rocha;Produto B;2;81.73;03/08/2022;RS
Luana Moraes;Produto D;9;84.06;02/08/2022;RO
Fernanda Nascimento;Produto B;7;17.79;06/01/2023;PA
Lucca Lopes;Produto B;5;22.25;24/12/2022;RR
Dr. Lucca Nogueira;Produto D;6;77.1;20/01/2023;MA
