code,name,gender,function,category,organisation_code,organisation,organisation_long,disciplines,birth_date
1536406,FRATINI Elisabetta,Female,Referee,J,ITA,Italy,Italy,['Judo'],
1550583,ILIC Corina,Female,Referee,J,CRO,Croatia,Croatia,['Judo'],
1550593,MAAFI Ziad,Male,Referee,J,ALG,Algeria,Algeria,['Judo'],
1550642,FUMEA Maria,Female,Judge,J,FIG,FIG,International Gymnastics Federation,"['Artistic Gymnastics', 'Rhythmic Gymnastics', 'Trampoline Gymnastics']",
1550643,LEUNG Li Li,Female,Judge,J,FIG,FIG,International Gymnastics Federation,"['Artistic Gymnastics', 'Rhythmic Gymnastics', 'Trampoline Gymnastics']",
1550645,MIAO Zhongyi,Male,Judge,J,FIG,FIG,International Gymnastics Federation,"['Artistic Gymnastics', 'Rhythmic Gymnastics', 'Trampoline Gymnastics']",
1550646,VALENZO AOKI Naomi Chieko,Female,Judge,J,FIG,FIG,International Gymnastics Federation,"['Artistic Gymnastics', 'Rhythmic Gymnastics', 'Trampoline Gymnastics']",
1550647,AL HITMI Ali,Male,Judge,J,FIG,FIG,International Gymnastics Federation,"['Artistic Gymnastics', 'Rhythmic Gymnastics', 'Trampoline Gymnastics']",
1550648,AL TABBAA Mouhammed Youssef,Male,Judge,J,FIG,FIG,International Gymnastics Federation,"['Artistic Gymnastics', 'Rhythmic Gymnastics', 'Trampoline Gymnastics']",
1550649,CELEN Suat,Male,Judge,J,FIG,FIG,International Gymnastics Federation,"['Artistic Gymnastics', 'Rhythmic Gymnastics', 'Trampoline Gymnastics']",
1550650,ESAWY Ehab,Male,Judge,J,FIG,FIG,International Gymnastics Federation,"['Artistic Gymnastics', 'Rhythmic Gymnastics', 'Trampoline Gymnastics']",
1550651,YAGI KITAGAWA Tammy,Female,Judge,J,FIG,FIG,International Gymnastics Federation,"['Artistic Gymnastics', 'Rhythmic Gymnastics', 'Trampoline Gymnastics']",
1550652,VALERIO Rogerio,Male,Judge,J,FIG,FIG,International Gymnastics Federation,"['Artistic Gymnastics', 'Rhythmic Gymnastics', 'Trampoline Gymnastics']",
1550653,MOWBRAY Denis,Male,Judge,J,FIG,FIG,International Gymnastics Federation,"['Artistic Gymnastics', 'Rhythmic Gymnastics', 'Trampoline Gymnastics']",
1550654,PEGAN Aljaz,Male,Judge,J,FIG,FIG,International Gymnastics Federation,"['Artistic Gymnastics', 'Rhythmic Gymnastics', 'Trampoline Gymnastics']",
1550655,PENICHE FRANCO Alejandro,Male,Judge,J,FIG,FIG,International Gymnastics Federation,"['Artistic Gymnastics', 'Rhythmic Gymnastics', 'Trampoline Gymnastics']",
1550656,PERRIERE Charles,Male,Judge,J,FIG,FIG,International Gymnastics Federation,"['Artistic Gymnastics', 'Rhythmic Gymnastics', 'Trampoline Gymnastics']",
1550657,TAEYMANS Rosy,Female,Judge,J,FIG,FIG,International Gymnastics Federation,"['Artistic Gymnastics', 'Rhythmic Gymnastics', 'Trampoline Gymnastics']",
1550662,ACOSTA RODRIGUEZ Laura Patricia,Female,Judge,J,FIG,FIG,International Gymnastics Federation,['Rhythmic Gymnastics'],1964-11-17
1550672,BEDOSHVILI Eliso,Female,Judge,J,GEO,Georgia,Georgia,['Rhythmic Gymnastics'],
1550674,BOJAKOWSKI Konrad,Male,Judge,J,POL,Poland,Poland,['Trampoline Gymnastics'],
1550675,BOUROVA Roumiana,Female,Judge,J,BEL,Belgium,Belgium,['Rhythmic Gymnastics'],
1550689,DEUTSCH LAZSANYI Erika,Female,Judge,J,HUN,Hungary,Hungary,['Rhythmic Gymnastics'],
1550693,FILIPSKY Rebecca,Female,Judge,J,AUT,Austria,Austria,['Trampoline Gymnastics'],
1550694,GAIDA Viola,Female,Judge,J,GER,Germany,Germany,['Trampoline Gymnastics'],
1550695,OLIVEIRA Joao,Male,Judge,J,POR,Portugal,Portugal,['Trampoline Gymnastics'],
1550700,HALMU Delia,Female,Judge,J,AUS,Australia,Australia,['Rhythmic Gymnastics'],
1550707,JONES Andrew,Male,Judge,J,GBR,Great Britain,Great Britain,['Trampoline Gymnastics'],
1550709,KHOPERIA Rusudan,Female,Judge,J,GEO,Georgia,Georgia,['Trampoline Gymnastics'],
1550715,LHER Catherine Marie Andree,Female,Judge,J,FRA,France,France,['Rhythmic Gymnastics'],
1550723,MLEJNKOVA Blanka,Female,Judge,J,CZE,Czechia,Czechia,['Rhythmic Gymnastics'],
1550724,MROZINSKA Anna,Female,Judge,J,POL,Poland,Poland,['Rhythmic Gymnastics'],
1550725,NAVA ACEVES Paulina,Female,Judge,J,MEX,Mexico,Mexico,['Trampoline Gymnastics'],
1550729,PAZOS SANCHEZ RUBIO Maria Inmacula.,Female,Judge,J,ESP,Spain,Spain,['Trampoline Gymnastics'],
1550730,PITKANEN Saila,Female,Judge,J,FIN,Finland,Finland,['Rhythmic Gymnastics'],
1550736,REHOROVA Martina,Female,Judge,J,CZE,Czechia,Czechia,['Trampoline Gymnastics'],
1550753,SUZUKI Aoi,Female,Judge,J,JPN,Japan,Japan,['Rhythmic Gymnastics'],
1550762,van WETERING Babette,Female,Judge,J,NED,Netherlands,Netherlands,['Trampoline Gymnastics'],
1550763,VANGELOVA Mariya,Female,Judge,J,BUL,Bulgaria,Bulgaria,['Trampoline Gymnastics'],
1550776,BEKTUROVA Alua,Female,Judge,J,KAZ,Kazakhstan,Kazakhstan,['Rhythmic Gymnastics'],
1557225,STROOBANTS Marine,Female,Referee,J,BEL,Belgium,Belgium,['Judo'],
1560199,FISCHER Matthias,Male,Referee,J,GER,Germany,Germany,['Judo'],
1560200,LAMPE Nusa,Female,Referee,J,SLO,Slovenia,Slovenia,['Judo'],
1560201,CHYURLIA Pasquale,Male,Referee,J,ITA,Italy,Italy,['Judo'],
1560211,FREITAS Leandra,Female,Referee,J,POR,Portugal,Portugal,['Judo'],
1562036,SHMAKOV Vladimir,Male,Referee,J,UZB,Uzbekistan,Uzbekistan,['Judo'],
1562711,MIGLIORINI Sergio,Male,Medical Delegate,J,ITA,Italy,Italy,['Triathlon'],
1563015,BOUHEDDOU Mohamed,Male,Referee,J,FRA,France,France,['Judo'],
1563830,SZOKE Andor,Male,Referee,J,HUN,Hungary,Hungary,['Judo'],
1563872,GALEA Louisa,Female,Referee,J,MLT,Malta,Malta,['Judo'],
1563891,BILIC Miroslav,Male,Referee,J,SLO,Slovenia,Slovenia,['Judo'],
1563909,DELIU Denisa,Female,Referee,J,ROU,Romania,Romania,['Judo'],
1563980,BEREGSZASZI Zita,Female,Referee,J,HUN,Hungary,Hungary,['Judo'],
1564197,SANCHEZ del CAMPO Ana,Female,Jury Chair,J,WS,World Sailing,World Sailing,['Sailing'],
1564543,WU Jingyu,Female,Referee,J,WT,World Taekwondo,World Taekwondo,['Taekwondo'],
1564544,MAGABLEH Maher,Male,Referee,J,WT,World Taekwondo,World Taekwondo,['Taekwondo'],
1564548,KIM Song Chul,Male,Referee,J,WT,World Taekwondo,World Taekwondo,['Taekwondo'],
1566303,ANDERSEN Jacob,Male,Jury Member,J,DEN,Denmark,Denmark,['Sailing'],
1566308,FERRANDIZ RUIZ Luis,Male,Jury Member,J,ESP,Spain,Spain,['Sailing'],
1566313,NAPIER Jon,Male,Jury Member,J,GBR,Great Britain,Great Britain,['Sailing'],
1566318,HEREDIA Gonzalo,Male,Jury Member,J,ARG,Argentina,Argentina,['Sailing'],
1566319,YOVKOVA Iskra,Female,Jury Member,J,BUL,Bulgaria,Bulgaria,['Sailing'],
1566455,BOROCZ Bence,Male,Jury Member,J,HUN,Hungary,Hungary,['Sailing'],
1566468,JEONG Sungchul,Male,Jury Member,J,KOR,Korea,Republic of Korea,['Sailing'],
1566473,GROSVENOR Sandy,Female,Jury Member,J,USA,United States,United States of America,['Sailing'],
1566474,GUERRA Rodrigo,Male,Jury Member,J,URU,Uruguay,Uruguay,['Sailing'],
1566475,LEWANDOWSKA Anastazja,Female,Jury Member,J,POL,Poland,Poland,['Sailing'],
1566476,LINDSAY Chris,Male,Jury Member,J,IRL,Ireland,Ireland,['Sailing'],
1566480,MOOKKEN Selvam,Male,Jury Member,J,SGP,Singapore,Singapore,['Sailing'],
1566482,ORTENDAHL Christina,Female,Jury Member,J,SWE,Sweden,Sweden,['Sailing'],
1566488,SCOTT Luke,Male,Jury Member,J,RSA,South Africa,South Africa,['Sailing'],
1566489,STANIKIC Mina,Female,Jury Member,J,SRB,Serbia,Serbia,['Sailing'],
1570413,D'URBANO Francesco Jacopo,Male,Judge,J,WSK,World Skate,World Skate,['Skateboarding'],
1571122,ALSHATHRI A Rahman,Male,Judge,J,FIG,FIG,International Gymnastics Federation,"['Artistic Gymnastics', 'Rhythmic Gymnastics', 'Trampoline Gymnastics']",
1571123,KIM Nellia,Female,Judge,J,FIG,FIG,International Gymnastics Federation,"['Artistic Gymnastics', 'Rhythmic Gymnastics', 'Trampoline Gymnastics']",
1571124,TITOV Vasilii,Male,Judge,J,FIG,FIG,International Gymnastics Federation,"['Artistic Gymnastics', 'Rhythmic Gymnastics', 'Trampoline Gymnastics']",
1571143,ALIPRANDI Elena,Female,Judge,J,FIG,FIG,International Gymnastics Federation,['Rhythmic Gymnastics'],1975-04-09
1571146,DRAGAS Spela,Female,Judge,J,SLO,Slovenia,Slovenia,['Rhythmic Gymnastics'],
1571149,IEROMINA Nataliia,Female,Judge,J,UKR,Ukraine,Ukraine,['Rhythmic Gymnastics'],
1893012,CHIARI Roberto,Male,Referee,J,FIBA,FIBA,International Basketball Federation,['Basketball'],
1893016,THOMSON Mike,Male,Referee,J,FIBA,FIBA,International Basketball Federation,['Basketball'],
1893040,DUPUCHE Crystal,Female,Referee,J,FIBA,FIBA,International Basketball Federation,['Basketball'],
1893057,VAQUERA Alejandro,Male,Referee,J,FIBA,FIBA,International Basketball Federation,['Basketball'],
1893105,SHAFAGHI Shahrad,Male,Referee,J,FIBA,FIBA,International Basketball Federation,['Basketball'],
1893111,KAUPPINEN Hannu,Male,Referee,J,FIBA,FIBA,International Basketball Federation,['Basketball'],
1893239,CASTRO Antonio,Male,Referee,J,CUB,Cuba,Cuba,['Judo'],
1893241,MURADOV Abdullo,Male,Referee,J,UZB,Uzbekistan,Uzbekistan,['Judo'],
1894925,AMANTINO Giseli,Female,Referee,J,BRA,Brazil,Brazil,['Beach Volleyball'],
1894929,BOCK Stephen,Male,Referee,J,FIVB,FIVB,International Volleyball Federation,['Volleyball'],
1894942,CARVALHO Rui Jorge,Male,Referee,J,POR,Portugal,Portugal,['Beach Volleyball'],
1894943,HIEBERT Brian,Male,Referee,J,CAN,Canada,Canada,['Beach Volleyball'],
1894944,RENE Karina,Female,Referee,J,ARG,Argentina,Argentina,['Volleyball'],
1894975,CRESCENTINI Davide,Male,Referee,J,ITA,Italy,Italy,['Beach Volleyball'],
1894976,SIMONOVIC Vladimir,Male,Referee,J,SUI,Switzerland,Switzerland,['Volleyball'],
1894978,WANG Lijun,Female,Referee,J,CHN,China,People's Republic of China,['Beach Volleyball'],
1894979,BEATIE Brigham,Male,Referee,J,USA,United States,United States of America,['Beach Volleyball'],
1895002,SATOMI Mariko,Female,Referee,J,JPN,Japan,Japan,['Beach Volleyball'],
1895006,SAAVEDRA CACERES Juan Carlos,Male,Referee,J,COL,Colombia,Colombia,['Beach Volleyball'],
1895007,OZBAR Nurper,Female,Referee,J,TUR,Türkiye,Türkiye,['Volleyball'],
1895009,IVANOV Ivaylo,Male,Referee,J,BUL,Bulgaria,Bulgaria,['Volleyball'],
1895011,DRUART Sylvain,Male,Referee,J,FRA,France,France,['Beach Volleyball'],
1895012,MYSZKOWSKA Agnieszka,Female,Referee,J,POL,Poland,Poland,['Beach Volleyball'],
1895013,PAPADOGOULAS Charalampos,Male,Referee,J,GRE,Greece,Greece,['Beach Volleyball'],
1895017,CESARE Stefano,Male,Referee,J,ITA,Italy,Italy,['Volleyball'],
1895018,LEKO Robert,Male,Referee,J,SRB,Serbia,Serbia,['Beach Volleyball'],
1895019,GUILLEMETTE Lucie,Female,Challenge Referee,J,CAN,Canada,Canada,['Beach Volleyball'],
1895020,GRASS Angela,Female,Referee,J,BRA,Brazil,Brazil,['Volleyball'],
1895021,KANDIL Wael,Male,Referee,J,EGY,Egypt,Egypt,['Volleyball'],
1895022,BENNETT John,Male,Challenge Referee,J,AUS,Australia,Australia,['Beach Volleyball'],
1895023,MOKRY Juraj,Male,Referee,J,SVK,Slovakia,Slovakia,['Volleyball'],
1895025,COLLADOS Fabrice,Male,Referee,J,FRA,France,France,['Volleyball'],
1895026,RAPISARDA Daniele,Male,Challenge Referee,J,ITA,Italy,Italy,['Volleyball'],
1895027,BOUDAYA Taoufik,Male,Challenge Referee,J,TUN,Tunisia,Tunisia,['Volleyball'],
1895028,ALROUSI ALHAMMADI Hamid Mohamed Ah.,Male,Referee,J,UAE,UA Emirates,United Arab Emirates,['Volleyball'],
1895031,GEROTHODOROS Epaminondas,Male,Referee,J,GRE,Greece,Greece,['Volleyball'],
1895034,SUMAVIL Osvaldo,Male,Referee,J,ARG,Argentina,Argentina,['Beach Volleyball'],
1895035,BRONISZ Robert,Male,Challenge Referee,J,POL,Poland,Poland,['Beach Volleyball'],
1895037,CESPEDES Denny,Male,Referee,J,DOM,Dominican Republic,Dominican Republic,['Volleyball'],
1895038,DZIEWIRZ Scott,Male,Referee,J,CAN,Canada,Canada,['Volleyball'],
1895040,PADRON Jose Maria,Male,Referee,J,ESP,Spain,Spain,['Beach Volleyball'],
1895042,MAROSZEK Wojciech,Male,Referee,J,POL,Poland,Poland,['Volleyball'],
1895047,MYOI Sumie,Female,Referee,J,JPN,Japan,Japan,['Volleyball'],
1895048,MUKUNDIYUKURI Jean de Dieu,Male,Referee,J,RWA,Rwanda,Rwanda,['Beach Volleyball'],
1897318,CSOSZ Imre,Male,Referee,J,HUN,Hungary,Hungary,['Judo'],
1898273,HUNT Patrick,Male,Jury Member,J,FIBA,FIBA,International Basketball Federation,['Basketball'],
1898633,AL SHUWAILI Ahmed,Male,Referee,J,FIBA,FIBA,International Basketball Federation,['Basketball'],
1898640,ANAYA Julio,Male,Referee,J,FIBA,FIBA,International Basketball Federation,['Basketball'],
1898648,BAKI Kerem,Male,Referee,J,FIBA,FIBA,International Basketball Federation,['Basketball'],
1898669,BARTEL Andres,Male,Referee,J,FIBA,FIBA,International Basketball Federation,['Basketball'],
1898675,BATISTA Johnny,Male,Referee,J,FIBA,FIBA,International Basketball Federation,['Basketball'],
1898693,BEKER Scott,Male,Referee,J,FIBA,FIBA,International Basketball Federation,['Basketball'],
1898701,BERMUDEZ Omar,Male,Referee,J,FIBA,FIBA,International Basketball Federation,['Basketball'],
1898712,BONNER Amy,Female,Referee,J,FIBA,FIBA,International Basketball Federation,['Basketball'],
1898728,BURNS Blanca,Female,Referee,J,FIBA,FIBA,International Basketball Federation,['Basketball'],
1898782,CASTILLO Luis,Male,Referee,J,FIBA,FIBA,International Basketball Federation,['Basketball'],
1898799,CHUECA Ariadna,Female,Referee,J,FIBA,FIBA,International Basketball Federation,['Basketball'],
1898911,CONDE Antonio,Male,Referee,J,FIBA,FIBA,International Basketball Federation,['Basketball'],
1899120,SUTHERLAND Jamie,Male,Jury Member,J,NZL,New Zealand,New Zealand,['Sailing'],
1899125,TANAKA Masaaki,Male,Jury Member,J,JPN,Japan,Japan,['Sailing'],
1899135,WILMINK E V den BURGER Pauline,Female,Jury Member,J,NED,Netherlands,Netherlands,['Sailing'],
1906878,SMAK Wouter,Male,Judge,J,UCI,UCI,Union Cycliste Internationale,['Cycling BMX Freestyle'],
1916068,MORARD Tristan,Male,Referee,J,SUI,Switzerland,Switzerland,['Wrestling'],
1916391,VILLET Charles,Male,Referee,J,RSA,South Africa,South Africa,['Wrestling'],
1916453,BARGAILA Deividas,Male,Referee,J,LTU,Lithuania,Lithuania,['Wrestling'],
1916503,VEYRAT Emmanuel,Male,Referee,J,FRA,France,France,['Wrestling'],
1916629,BOUAZIZ Youssef,Male,Referee,J,TUN,Tunisia,Tunisia,['Wrestling'],
1916804,MENKOVAS Kirilas,Male,Referee,J,LTU,Lithuania,Lithuania,['Wrestling'],
1916826,NEDELJKOVIC Leonardo,Male,Referee,J,SRB,Serbia,Serbia,['Wrestling'],
1916838,BORJANOVIC Borislav,Male,Referee,J,SRB,Serbia,Serbia,['Wrestling'],
1920697,CHIASSON Marcia,Female,Referee,J,CAN,Canada,Canada,['Wrestling'],
1920703,KOUTSOPODIOTIS Demetra,Female,Referee,J,CAN,Canada,Canada,['Wrestling'],
1920739,SUN Jian,Male,Referee,J,CHN,China,People's Republic of China,['Wrestling'],
1920745,OCIC Zvonko,Male,Referee,J,CRO,Croatia,Croatia,['Wrestling'],
1921064,SCHEINER Vaclav,Male,Referee,J,CZE,Czechia,Czechia,['Wrestling'],
1921117,HIETALA Joonas,Male,Referee,J,FIN,Finland,Finland,['Wrestling'],
1921173,TRAN Melanie,Female,Referee,J,FRA,France,France,['Wrestling'],
1922135,JIBLADZE Zaza,Male,Referee,J,GEO,Georgia,Georgia,['Wrestling'],
1922182,SCHERER Ramona,Female,Referee,J,GER,Germany,Germany,['Wrestling'],
1922183,DAHRA Amel,Female,Referee,J,FIBA,FIBA,International Basketball Federation,['Basketball'],
1922369,DAVIDSON Yann,Male,Referee,J,FIBA,FIBA,International Basketball Federation,['Basketball'],
1922392,SCHMITT Karl Peter,Male,Referee,J,GER,Germany,Germany,['Wrestling'],
1922396,FERNANDEZ Juan,Male,Referee,J,FIBA,FIBA,International Basketball Federation,['Basketball'],
1922427,GEORGIOU Pavlina,Female,Referee,J,GRE,Greece,Greece,['Wrestling'],
1922432,FORSBERG Maj,Female,Referee,J,FIBA,FIBA,International Basketball Federation,['Basketball'],
1922550,GYORGYI Viola,Female,Referee,J,FIBA,FIBA,International Basketball Federation,['Basketball'],
1922553,LIAKOS Christos,Male,Referee,J,GRE,Greece,Greece,['Wrestling'],
1922569,KALLIO Matthew,Male,Referee,J,FIBA,FIBA,International Basketball Federation,['Basketball'],
1922570,SLEISZ Gabriella,Female,Referee,J,HUN,Hungary,Hungary,['Wrestling'],
1922591,KATO Takaki,Male,Referee,J,FIBA,FIBA,International Basketball Federation,['Basketball'],
1922614,KOZLOVSKIS Martins,Male,Referee,J,FIBA,FIBA,International Basketball Federation,['Basketball'],
1922689,KREJIC Boris,Male,Referee,J,FIBA,FIBA,International Basketball Federation,['Basketball'],
1923016,LEE Jiwoo,Female,Referee,J,KOR,Korea,Republic of Korea,['Wrestling'],
1927242,WARWICK Richard Jaydes,Male,Referee,J,WT,World Taekwondo,World Taekwondo,['Taekwondo'],
1928960,LISZKA Wojciech,Male,Referee,J,FIBA,FIBA,International Basketball Federation,['Basketball'],
1929700,TOOLEY Jim,Male,Jury Member,J,FIBA,FIBA,International Basketball Federation,['Basketball'],
1929719,BRENSCHEIDT Wolfgang,Male,Jury Member,J,FIBA,FIBA,International Basketball Federation,['Basketball'],
1929775,BARTLETT Michael,Male,Jury Member,J,FIBA,FIBA,International Basketball Federation,['Basketball'],
1932965,CAMACHO IBARRA Juan Arturo,Male,Referee,J,MEX,Mexico,Mexico,['Wrestling'],
1933080,ABDOELAEV Edmar,Male,Referee,J,NED,Netherlands,Netherlands,['Wrestling'],
1933098,HAMMER Thomas,Male,Referee,J,NOR,Norway,Norway,['Wrestling'],
1933258,GALVA LEBRON Rafael Abraham,Male,Referee,J,PUR,Puerto Rico,Puerto Rico,['Wrestling'],
1933271,CIMPOERU Marius,Male,Referee,J,ROU,Romania,Romania,['Wrestling'],
1933310,TORBICA Nikola,Male,Referee,J,SRB,Serbia,Serbia,['Wrestling'],
1933349,SJOSTROM Linn,Female,Referee,J,SWE,Sweden,Sweden,['Wrestling'],
1933383,SHADGAN Babak,Male,Referee,J,CAN,Canada,Canada,['Wrestling'],
1933394,GARCIA Carlos,Male,Referee,J,ESP,Spain,Spain,['Wrestling'],
1933402,SILVESTRI Antonio,Male,Referee,J,GER,Germany,Germany,['Wrestling'],
1933411,KOIKE Kuninori,Male,Referee,J,JPN,Japan,Japan,['Wrestling'],
1934331,KARAS Martin,Male,Judge,J,CZE,Czechia,Czechia,['Skateboarding'],
1934350,IWAKATA Rieko,Female,Judge,J,JPN,Japan,Japan,['Skateboarding'],
1934369,SANCHEZ Natalia,Female,Judge,J,WSK,World Skate,World Skate,['Skateboarding'],
1934479,PICCOLO Ilaria,Female,Judge,J,WSK,World Skate,World Skate,['Skateboarding'],
1934504,SCHRODER Laura,Female,Judge,J,GER,Germany,Germany,['Skateboarding'],
1937668,KONSTANTINOU Loukas,Male,Referee,J,GRE,Greece,Greece,['Wrestling'],
1937682,GYARMATI Ferenc,Male,Referee,J,ROU,Romania,Romania,['Wrestling'],
1937701,MESSER KERSTING Thomas,Male,Referee,J,GER,Germany,Germany,"['3x3 Basketball', 'Basketball']",
1937705,SERNEK Stanislav,Male,Referee,J,SLO,Slovenia,Slovenia,['Wrestling'],
1937758,BERTRAND Eric,Male,Referee,J,SUI,Switzerland,Switzerland,['3x3 Basketball'],
1937785,HO Edmond,Male,Referee,J,HKG,"Hong Kong, China","Hong Kong, China",['3x3 Basketball'],
1937791,JANG Tsong Rong,Male,Referee,J,TPE,Chinese Taipei,Chinese Taipei,['Wrestling'],
1937815,MICHAELIDES Markos-Elias,Male,Referee,J,SUI,Switzerland,Switzerland,['3x3 Basketball'],
1937848,MALISZEWSKI Marek,Male,Referee,J,POL,Poland,Poland,['3x3 Basketball'],
1937858,CHAJIDDINE Najib,Male,Referee,J,FRA,France,France,['3x3 Basketball'],
1937879,GHIZDAREANU Vlad,Male,Referee,J,ROU,Romania,Romania,['3x3 Basketball'],
1937882,GOESSL Casey,Male,Referee,J,USA,United States,United States of America,['Wrestling'],
1937884,JURAS Jasmina,Female,Referee,J,SRB,Serbia,Serbia,['3x3 Basketball'],
1937897,BOUAZIZ Mohamed Kamel,Male,Referee,J,TUN,Tunisia,Tunisia,['Wrestling'],
1937903,SHI Qirong,Female,Referee,J,CHN,China,People's Republic of China,['3x3 Basketball'],
1937919,KIM Gain,Female,Referee,J,KOR,Korea,Republic of Korea,['3x3 Basketball'],
1937973,CSABAI-KASKOTO Brigitta,Female,Referee,J,HUN,Hungary,Hungary,['3x3 Basketball'],
1937982,OKATCH Dorothy,Female,Referee,J,BOT,Botswana,Botswana,['3x3 Basketball'],
1937992,NEUMANN Aleisha,Female,Umpire,J,AUS,Australia,Australia,['Hockey'],
1937993,KEOGH Alison,Female,Umpire,J,IRL,Ireland,Ireland,['Hockey'],
1937994,CHURCH Amber,Female,Umpire,J,NZL,New Zealand,New Zealand,['Hockey'],
1937996,McCLEAN Ayanna,Female,Umpire,J,TTO,Trinidad and Tobago,Trinidad and Tobago,['Hockey'],
1938000,TAN Cookie,Female,Umpire,J,SGP,Singapore,Singapore,['Hockey'],
1938001,BARSTOW Daniel,Male,Umpire,J,GBR,Great Britain,Great Britain,['Hockey'],
1938002,TOMLINSON David,Male,Umpire,J,NZL,New Zealand,New Zealand,['Hockey'],
1938004,YAMADA Emi,Female,Umpire,J,JPN,Japan,Japan,['Hockey'],
1938006,LABATE Gabriel,Male,Umpire,J,ARG,Argentina,Argentina,['Hockey'],
1938007,GREENFIELD Gareth,Male,Umpire,J,NZL,New Zealand,New Zealand,['Hockey'],
1938008,HARRISON Hannah,Female,Umpire,J,GBR,Great Britain,Great Britain,['Hockey'],
1938009,LIM Hong Zhen,Male,Umpire,J,SGP,Singapore,Singapore,['Hockey'],
1938010,PRESENQUI Irene,Female,Umpire,J,ARG,Argentina,Argentina,['Hockey'],
1938013,JACKSON Deanna,Female,Referee,J,USA,United States,United States of America,['3x3 Basketball'],
1938014,VAN'T HEK Jonas,Male,Umpire,J,NED,Netherlands,Netherlands,['Hockey'],
1938015,van BUNGE Coen,Male,Umpire,J,NED,Netherlands,Netherlands,['Hockey'],
1938016,DELFORGE Laurine,Female,Umpire,J,BEL,Belgium,Belgium,['Hockey'],
1938019,GROCHAL Marcin,Male,Umpire,J,POL,Poland,Poland,['Hockey'],
1938022,MADDEN Martin,Male,Umpire,J,GBR,Great Britain,Great Britain,['Hockey'],
1938024,WILLIAMS Rachel,Female,Umpire,J,GBR,Great Britain,Great Britain,['Hockey'],
1938030,WILSON Sarah,Female,Umpire,J,GBR,Great Britain,Great Britain,['Hockey'],
1938032,ROGERS Steve,Male,Umpire,J,AUS,Australia,Australia,['Hockey'],
1938039,KIREZIEV Nedyalko Kirov,Male,Referee,J,BUL,Bulgaria,Bulgaria,['Wrestling'],
1938090,TALISAINEN Alex,Male,Referee,J,EST,Estonia,Estonia,['3x3 Basketball'],
1938097,JULIAN Samuel,Male,Referee,J,USA,United States,United States of America,['Wrestling'],
1938099,CSENDER Andrada Monika,Female,Referee,J,ROU,Romania,Romania,['3x3 Basketball'],
1938104,VESKOVIC Vladimir,Male,Referee,J,SRB,Serbia,Serbia,['3x3 Basketball'],
1938105,SYLSTAD Susanna,Female,Referee,J,USA,United States,United States of America,['Wrestling'],
1938619,CICIOGLU Ibrahim,Male,Referee,J,TUR,Türkiye,Türkiye,['Wrestling'],
1940919,YUCEL Mehmet Gurhan,Male,Referee,J,TUR,Türkiye,Türkiye,['Wrestling'],
1941133,BASHIRZADEH NAMADMAL Mehdi,Male,Referee,J,IRI,IR Iran,Islamic Republic of Iran,['Wrestling'],
1941151,BLATT Scott,Male,Judge,J,UCI,UCI,Union Cycliste Internationale,['Cycling BMX Freestyle'],
1941720,JAZBINSEK Marko,Male,Judge,J,SLO,Slovenia,Slovenia,['Skateboarding'],
1941779,DILLEWAARD Dave,Male,Judge,J,AUS,Australia,Australia,['Cycling BMX Freestyle'],
1941791,CLEWORTH David,Male,Head Judge,J,GBR,Great Britain,Great Britain,['Cycling BMX Freestyle'],
1942348,NIEVAS Alhambra,Female,Referee,J,ESP,Spain,Spain,['Rugby Sevens'],
1942350,BLANCO Juan Cruz,Male,Referee,J,WR,World Rugby,World Rugby,['Rugby Sevens'],
1942353,VENTER Wanri,Female,Umpire,J,RSA,South Africa,South Africa,['Hockey'],
1942354,LEAL Adam,Male,Referee,J,GBR,Great Britain,Great Britain,['Rugby Sevens'],
1942356,JUMA James,Male,Referee,J,WR,World Rugby,World Rugby,['Rugby Sevens'],
1942360,JOUBERT Craig Paul,Male,Referee,J,WR,World Rugby,World Rugby,['Rugby Sevens'],
1942361,MATTHEWS Fran,Female,Referee,J,WR,World Rugby,World Rugby,['Rugby Sevens'],
1942363,JOHNSTON Matthew,Male,Referee,J,AUS,Australia,Australia,['Rugby Sevens'],
1942365,MATSUO Amy,Female,Referee,J,WR,World Rugby,World Rugby,['Rugby Sevens'],
1942367,NOLAN Yvonne,Female,Referee,J,WR,World Rugby,World Rugby,['Rugby Sevens'],
1942368,FERGUSON Peter,Male,Referee,J,WR,World Rugby,World Rugby,['Rugby Sevens'],
1942369,O'DWYER Carmel,Female,Referee,J,WR,World Rugby,World Rugby,['Rugby Sevens'],
1942370,DONAGHER Ronan,Male,Referee,J,WR,World Rugby,World Rugby,['Rugby Sevens'],
1942371,O'BRIEN Paddy,Male,Referee,J,NZL,New Zealand,New Zealand,['Rugby Sevens'],
1942372,QUINLAN Christopher,Male,Referee,J,WR,World Rugby,World Rugby,['Rugby Sevens'],
1942373,KEANE David,Male,Referee,J,IRL,Ireland,Ireland,['Rugby Sevens'],
1942374,TWOMEY Cian,Male,Referee,J,WR,World Rugby,World Rugby,['Rugby Sevens'],
1942375,GNECCHI Gianluca,Male,Referee,J,ITA,Italy,Italy,['Rugby Sevens'],
1942376,DICKENS Beth,Female,Referee,J,WR,World Rugby,World Rugby,['Rugby Sevens'],
1942377,ROZIER Jeremy,Male,Referee,J,FRA,France,France,['Rugby Sevens'],
1942378,WARD David,Male,Referee,J,WR,World Rugby,World Rugby,['Rugby Sevens'],
1942379,ROKOVERENI Tevita,Male,Referee,J,FIJ,Fiji,Fiji,['Rugby Sevens'],
1942380,McPHAIL James,Male,Referee,J,NED,Netherlands,Netherlands,['Rugby Sevens'],
1942972,WANG Ziling,Female,Referee,J,CHN,China,People's Republic of China,['Volleyball'],
1943350,HUGHES Christi,Female,Judge,J,GBR,Great Britain,Great Britain,['Cycling BMX Freestyle'],
1943476,RAPAPORT Sean,Male,Umpire,J,RSA,South Africa,South Africa,['Hockey'],
1948013,ROSTRON Annelize,Female,Umpire,J,RSA,South Africa,South Africa,['Hockey'],
1948034,PRASAD Raghu,Male,Umpire,J,IND,India,India,['Hockey'],
1948172,MIKHEYEV Yevgeniy,Male,Referee,J,FIBA,FIBA,International Basketball Federation,['Basketball'],
1948315,MOSTAFA Wael,Male,Referee,J,FIBA,FIBA,International Basketball Federation,['Basketball'],
1948497,NOUJAIM Rabah,Male,Referee,J,FIBA,FIBA,International Basketball Federation,['Basketball'],
1948922,PERALTA Carlos,Male,Referee,J,FIBA,FIBA,International Basketball Federation,['Basketball'],
1949000,PAEZ Kristian,Male,Referee,J,FIBA,FIBA,International Basketball Federation,['Basketball'],
1949352,JURGENS Axel,Male,Judge,J,ARG,Argentina,Argentina,['Cycling BMX Freestyle'],
1956115,KACHINSKY Brian,Male,Judge,J,USA,United States,United States of America,['Cycling BMX Freestyle'],
1956714,NOIROT Romuald,Male,Judge,J,FRA,France,France,['Cycling BMX Freestyle'],
1957925,TOSI Fulvia,Female,Judge,J,ITA,Italy,Italy,['Cycling BMX Freestyle'],
1958435,McGARRIGLE Ben,Male,Referee,J,IRL,Ireland,Ireland,['Boxing'],
1958462,REESE Shawn,Male,Referee,J,USA,United States,United States of America,['Boxing'],
1958696,ALTAYEV Alisher,Male,Referee,J,KAZ,Kazakhstan,Kazakhstan,['Boxing'],
1958816,MOUHNI Abderrazzak,Male,Referee,J,FRA,France,France,['Boxing'],
1958835,BABANLI Anar,Male,Judge,J,PBU,PBU,Paris 2024 Boxing Unit,['Boxing'],
1958863,FERREIRA Emanuel,Male,Referee,J,PUR,Puerto Rico,Puerto Rico,['Boxing'],
1958875,PASTOR ARREAGA Emerson Alejandro,Male,Referee,J,GUA,Guatemala,Guatemala,['Boxing'],
1959180,SCHNEIDER Jill,Female,Jury Member,J,FIBA,FIBA,International Basketball Federation,['Basketball'],
1963610,PRAKSCH Peter,Male,Referee,J,FIBA,FIBA,International Basketball Federation,['Basketball'],
1963689,RENEAU Jenna,Female,Referee,J,FIBA,FIBA,International Basketball Federation,['Basketball'],
1963755,ROSSO Yohan,Male,Referee,J,FIBA,FIBA,International Basketball Federation,['Basketball'],
1963769,SALINS Gatis,Male,Referee,J,FIBA,FIBA,International Basketball Federation,['Basketball'],
1963784,VAZQUEZ Roberto,Male,Referee,J,FIBA,FIBA,International Basketball Federation,['Basketball'],
1963816,VULIC Martin,Male,Referee,J,FIBA,FIBA,International Basketball Federation,['Basketball'],
1963832,ZURAPOVIC Ademir,Male,Referee,J,FIBA,FIBA,International Basketball Federation,['Basketball'],
1963904,MALO Maripier,Female,Referee,J,FIBA,FIBA,International Basketball Federation,['Basketball'],
1963920,MAZZONI Manuel,Male,Referee,J,FIBA,FIBA,International Basketball Federation,['Basketball'],
1969254,LATOS Maria,Female,Referee,J,GER,Germany,Germany,['Rugby Sevens'],
1969255,FERREIRA Morne,Male,Referee,J,RSA,South Africa,South Africa,['Rugby Sevens'],
1969256,BREAKSPEAR Ben,Male,Referee,J,GBR,Great Britain,Great Britain,['Rugby Sevens'],
1969257,DUARTE Paulo,Male,Referee,J,POR,Portugal,Portugal,['Rugby Sevens'],
1969258,WAY Jordan,Male,Referee,J,AUS,Australia,Australia,['Rugby Sevens'],
1969260,HOGAN Nick,Male,Referee,J,NZL,New Zealand,New Zealand,['Rugby Sevens'],
1969261,RACACA Lavenia,Female,Referee,J,FIJ,Fiji,Fiji,['Rugby Sevens'],
1969262,CARTER Jennifer,Female,Referee,J,WR,World Rugby,World Rugby,['Rugby Sevens'],
1969263,COGGER-ORR Maggie,Female,Referee,J,NZL,New Zealand,New Zealand,['Rugby Sevens'],
1969264,RODDEN Matt,Male,Referee,J,NZL,New Zealand,New Zealand,['Rugby Sevens'],
1969265,SELWOOD George,Male,Referee,J,GBR,Great Britain,Great Britain,['Rugby Sevens'],
1969266,LOPEZ Cisco,Male,Referee,J,USA,United States,United States of America,['Rugby Sevens'],
1969267,KUWAI Ano,Female,Referee,J,JPN,Japan,Japan,['Rugby Sevens'],
1969268,LOOK Michelle,Female,Referee,J,WR,World Rugby,World Rugby,['Rugby Sevens'],
1969271,GONZALEZ Francisco,Male,Referee,J,URU,Uruguay,Uruguay,['Rugby Sevens'],
1969272,WATTERS Phil,Male,Referee,J,GBR,Great Britain,Great Britain,['Rugby Sevens'],
1969273,CHAUDHRY Talal-Azmat,Male,Referee,J,CAN,Canada,Canada,['Rugby Sevens'],
1969274,CHAN Craig,Male,Referee,J,HKG,"Hong Kong, China","Hong Kong, China",['Rugby Sevens'],
1969278,BROWN Finlay,Male,Referee,J,GBR,Great Britain,Great Britain,['Rugby Sevens'],
1969280,ROCHE Kat,Female,Referee,J,USA,United States,United States of America,['Rugby Sevens'],
1969282,ARCHER Jamie,Male,Referee,J,WR,World Rugby,World Rugby,['Rugby Sevens'],
1969286,JACOBS Aj,Male,Referee,J,RSA,South Africa,South Africa,['Rugby Sevens'],
1972217,GURBANALIYEV Emil,Male,Referee,J,AZE,Azerbaijan,Azerbaijan,['Boxing'],
1972380,MILAN PONCE Juan,Male,Judge,J,PBU,PBU,Paris 2024 Boxing Unit,['Boxing'],
1978063,RAMOS Armando,Male,Referee,J,FIBA,FIBA,International Basketball Federation,['Basketball'],
1978746,JULIEN Chantal,Female,Referee,J,FIBA,FIBA,International Basketball Federation,['Basketball'],
1979320,PALVANOV Alisher,Male,Referee,J,UZB,Uzbekistan,Uzbekistan,['Boxing'],
1979476,MUHIDDINOV Mansur,Male,Judge,J,PBU,PBU,Paris 2024 Boxing Unit,['Boxing'],
1979504,DROZ Nicolas,Male,Judge,J,FRA,France,France,['Skateboarding'],
1979546,JUMANIYAZOV Bahodir,Male,Judge,J,PBU,PBU,Paris 2024 Boxing Unit,['Boxing'],
1984366,KEANE Reuben,Male,Referee,J,AUS,Australia,Australia,['Rugby Sevens'],
1984367,MILLER Tyler,Female,Referee,J,AUS,Australia,Australia,['Rugby Sevens'],
1986901,LEE Jaewook,Male,Referee,J,WT,World Taekwondo,World Taekwondo,['Taekwondo'],
1988167,MGBILITY,Male,Head Judge,J,SVK,Slovakia,Slovakia,['Breaking'],
1990684,CHIAMPAS George,Male,Referee,J,USA,United States,United States of America,['Football'],
1990685,DUEHMERT Katharina,Female,Referee,J,GER,Germany,Germany,['Football'],
1990686,FEKE Penateti,Female,Referee,J,TGA,Tonga,Tonga,['Football'],
1990687,FUSTAGNO Fiorella,Female,Referee,J,ITA,Italy,Italy,['Football'],
1990688,TERRA Tadeu,Male,Referee,J,BRA,Brazil,Brazil,['Football'],
1990690,BILLINGHAM Johsan,Male,Referee,J,GBR,Great Britain,Great Britain,['Football'],
1990691,BOYCE Steve,Male,Referee,J,GBR,Great Britain,Great Britain,['Football'],
1990692,CARPINTEIRO ZIMMERMANN Philip,Male,Referee,J,GER,Germany,Germany,['Football'],
1990693,DEAN Pauline,Female,Referee,J,NZL,New Zealand,New Zealand,['Football'],
1990695,ARAUJO Joao,Male,Referee,J,POR,Portugal,Portugal,['Football'],
1990697,FOFI Lorenzo,Male,Referee,J,ITA,Italy,Italy,['Football'],
1990698,HAMARSHA Zeina,Female,Referee,J,JOR,Jordan,Jordan,['Football'],
1990700,ILIC James,Male,Referee,J,AUS,Australia,Australia,['Football'],
1990702,LEE Jae,Male,Referee,J,KOR,Korea,Republic of Korea,['Football'],
1990703,LENA Felix,Male,Referee,J,USA,United States,United States of America,['Football'],
1990704,MACLEAN John,Male,Referee,J,GBR,Great Britain,Great Britain,['Football'],
1990705,MATEOS Andres,Male,Referee,J,ESP,Spain,Spain,['Football'],
1990706,MERZOUK Mehdi,Male,Referee,J,FRA,France,France,['Football'],
1990707,PATEL Sameer,Male,Referee,J,GBR,Great Britain,Great Britain,['Football'],
1990710,SCHEPERBOER Coen,Male,Referee,J,NED,Netherlands,Netherlands,['Football'],
1990711,SHENOUDA Emad,Male,Referee,J,CAN,Canada,Canada,['Football'],
1990714,TOBIAS Guillermo,Male,Referee,J,URU,Uruguay,Uruguay,['Football'],
1990715,UCHIDA Shintaro,Male,Referee,J,JPN,Japan,Japan,['Football'],
1990716,VELASQUEZ Pedro,Male,Referee,J,GUA,Guatemala,Guatemala,['Football'],
1990717,WEILER Richard,Male,Referee,J,GER,Germany,Germany,['Football'],
1990718,TAVARES Eduardo,Male,Referee,J,POR,Portugal,Portugal,['Football'],
1990719,DAI Jessie,Female,Referee,J,CHN,China,People's Republic of China,['Football'],
1990720,LUZANOV Pavel,Male,Referee,J,KGZ,Kyrgyzstan,Kyrgyzstan,['Football'],
1990721,NASSAR Khaled,Male,Referee,J,EGY,Egypt,Egypt,['Football'],
1990736,DACOSTA Latoya,Female,Referee,J,JAM,Jamaica,Jamaica,['Football'],
1990795,MUKAI Naoko,Female,Judge,J,FIG,FIG,International Gymnastics Federation,"['Artistic Gymnastics', 'Rhythmic Gymnastics', 'Trampoline Gymnastics']",
1990866,CACHEMAILLE Celine,Female,Judge,J,FIG,FIG,International Gymnastics Federation,"['Artistic Gymnastics', 'Rhythmic Gymnastics', 'Trampoline Gymnastics']",
1990867,DETRAZ Stephane,Male,Judge,J,FIG,FIG,International Gymnastics Federation,"['Artistic Gymnastics', 'Rhythmic Gymnastics', 'Trampoline Gymnastics']",
1990868,MARTINET Sylvie,Female,Judge,J,FIG,FIG,International Gymnastics Federation,"['Artistic Gymnastics', 'Rhythmic Gymnastics', 'Trampoline Gymnastics']",
1990869,VINAGRE Rui,Male,Judge,J,FIG,FIG,International Gymnastics Federation,"['Artistic Gymnastics', 'Rhythmic Gymnastics', 'Trampoline Gymnastics']",
1990870,TERRIER Zina,Female,Judge,J,FIG,FIG,International Gymnastics Federation,"['Artistic Gymnastics', 'Rhythmic Gymnastics', 'Trampoline Gymnastics']",
1991692,SEN Levent,Male,Referee,J,TUR,Türkiye,Türkiye,['Wrestling'],
1991697,HALAWA Sherif,Male,Referee,J,EGY,Egypt,Egypt,['Wrestling'],
1991704,TRAI Belkacem,Male,Referee,J,ALG,Algeria,Algeria,['Wrestling'],
1993466,BASTIAN Beatrice,Female,Judge,J,PBU,PBU,Paris 2024 Boxing Unit,['Boxing'],
1993467,BECKLES James,Male,Judge,J,PBU,PBU,Paris 2024 Boxing Unit,['Boxing'],
1993468,BILETSKYI Igor,Male,Judge,J,PBU,PBU,Paris 2024 Boxing Unit,['Boxing'],
1993469,CELEA Cristian-Georgica,Male,Judge,J,PBU,PBU,Paris 2024 Boxing Unit,['Boxing'],
1993470,COBZAC Ramona Manuela,Female,Judge,J,PBU,PBU,Paris 2024 Boxing Unit,['Boxing'],
1993544,SANKO Barbara,Female,Judge,J,PBU,PBU,Paris 2024 Boxing Unit,['Boxing'],
1993545,FISCHER Angelika,Female,Judge,J,PBU,PBU,Paris 2024 Boxing Unit,['Boxing'],
1993546,DREKE Erich,Male,Judge,J,PBU,PBU,Paris 2024 Boxing Unit,['Boxing'],
1993547,EMERY Doug,Male,Judge,J,PBU,PBU,Paris 2024 Boxing Unit,['Boxing'],
1993548,MORLEY Ray,Male,Judge,J,PBU,PBU,Paris 2024 Boxing Unit,['Boxing'],
1993549,SALVO Hernan,Male,Judge,J,PBU,PBU,Paris 2024 Boxing Unit,['Boxing'],
1993550,SANCHEZ Armando,Male,Judge,J,PBU,PBU,Paris 2024 Boxing Unit,['Boxing'],
1993551,SANTI Bernardino,Male,Judge,J,PBU,PBU,Paris 2024 Boxing Unit,['Boxing'],
1993552,SCAPPA Chiara,Female,Judge,J,PBU,PBU,Paris 2024 Boxing Unit,['Boxing'],
1993553,SHEVELOVA Olha,Female,Judge,J,PBU,PBU,Paris 2024 Boxing Unit,['Boxing'],
1993554,SHTYFURA Polina,Female,Judge,J,PBU,PBU,Paris 2024 Boxing Unit,['Boxing'],
1993555,SOTO Andrews L,Male,Judge,J,PBU,PBU,Paris 2024 Boxing Unit,['Boxing'],
1993556,TRIKALIOTIS Panagiotis,Male,Judge,J,PBU,PBU,Paris 2024 Boxing Unit,['Boxing'],
1993557,VILLARREAL Angel Luis,Male,Judge,J,PBU,PBU,Paris 2024 Boxing Unit,['Boxing'],
1993558,WONG William Alexander,Male,Judge,J,PBU,PBU,Paris 2024 Boxing Unit,['Boxing'],
1993629,DAWANI Nadin,Female,Referee,J,WT,World Taekwondo,World Taekwondo,['Taekwondo'],
1994107,RAVEL Stephanie,Female,Judge,J,PBU,PBU,Paris 2024 Boxing Unit,['Boxing'],
1994108,MENARA Mario,Male,Judge,J,PBU,PBU,Paris 2024 Boxing Unit,['Boxing'],
1994109,HADJRI Mokhtar,Male,Judge,J,PBU,PBU,Paris 2024 Boxing Unit,['Boxing'],
1994110,GOSSELIN Severine,Female,Judge,J,PBU,PBU,Paris 2024 Boxing Unit,['Boxing'],
1994111,SILBERMANN Philippe,Male,Judge,J,PBU,PBU,Paris 2024 Boxing Unit,['Boxing'],
1994112,OUBAALI S Mail,Male,Judge,J,PBU,PBU,Paris 2024 Boxing Unit,['Boxing'],
1994151,GUILLEMOT Vincent,Male,Referee,J,IHF,IHF,International Handball Federation,['Handball'],
1994152,LEFORT Yohan,Male,Referee,J,IHF,IHF,International Handball Federation,['Handball'],
1994153,CASTAGNO Frederic,Male,Referee,J,IHF,IHF,International Handball Federation,['Handball'],
1994154,GRUMEL Nicolas,Male,Referee,J,IHF,IHF,International Handball Federation,['Handball'],
1994155,RICHEL Marie,Female,Referee,J,IHF,IHF,International Handball Federation,['Handball'],
1994156,VINCENT Tatiana,Female,Referee,J,IHF,IHF,International Handball Federation,['Handball'],
1994157,PRUDHOMME Eddy,Male,Referee,J,IHF,IHF,International Handball Federation,['Handball'],
1994158,LAMY Jacques,Male,Referee,J,IHF,IHF,International Handball Federation,['Handball'],
1994159,RENAULT Romain,Male,Referee,J,IHF,IHF,International Handball Federation,['Handball'],
1994160,de la CROIX Marie Laure,Female,Referee,J,IHF,IHF,International Handball Federation,['Handball'],
1994161,NOUVEL Jerome,Male,Referee,J,IHF,IHF,International Handball Federation,['Handball'],
1994162,BENRHAZAL Mohamed,Male,Referee,J,IHF,IHF,International Handball Federation,['Handball'],
1994163,SMITS Nathalie,Female,Referee,J,IHF,IHF,International Handball Federation,['Handball'],
1994164,CARON Christophe,Male,Referee,J,IHF,IHF,International Handball Federation,['Handball'],
1994165,FERRIER Eduardo,Male,Referee,J,IHF,IHF,International Handball Federation,['Handball'],
1994166,EL MEDIOUNI Najet,Female,Referee,J,IHF,IHF,International Handball Federation,['Handball'],
1994167,VAILLANT Patrice,Male,Referee,J,IHF,IHF,International Handball Federation,['Handball'],
1994168,CALLIGARIS Laurent,Male,Referee,J,IHF,IHF,International Handball Federation,['Handball'],
1994169,CALLIGARIS Florian,Male,Referee,J,IHF,IHF,International Handball Federation,['Handball'],
1994170,VERCHERE Thomas,Male,Referee,J,IHF,IHF,International Handball Federation,['Handball'],
1994171,THOMAZO Alann,Male,Referee,J,IHF,IHF,International Handball Federation,['Handball'],
1994172,LEIDWANGER Stephane,Male,Referee,J,IHF,IHF,International Handball Federation,['Handball'],
1994173,BOBIN Thierry,Male,Referee,J,IHF,IHF,International Handball Federation,['Handball'],
1994174,SOBOLEWSKI Detlef,Male,Referee,J,IHF,IHF,International Handball Federation,['Handball'],
1994175,VERNET Gauthier,Male,Referee,J,IHF,IHF,International Handball Federation,['Handball'],
1994177,DAVID Audrey,Female,Referee,J,IHF,IHF,International Handball Federation,['Handball'],
1994178,PICARD Sylvie,Female,Referee,J,IHF,IHF,International Handball Federation,['Handball'],
1994179,GRALL LEMAITRE Flore,Female,Referee,J,IHF,IHF,International Handball Federation,['Handball'],
1994180,ALMEIDA Manuel,Male,Referee,J,IHF,IHF,International Handball Federation,['Handball'],
1994181,COQUIN Johann,Male,Referee,J,IHF,IHF,International Handball Federation,['Handball'],
1994182,GANDON Maxime,Male,Referee,J,IHF,IHF,International Handball Federation,['Handball'],
1994183,CAPLIEZ Virginie,Female,Referee,J,IHF,IHF,International Handball Federation,['Handball'],
1994510,ABUJABER Iman,Female,Referee,J,PLE,Palestine,Palestine,['Football'],
1995222,MEARY Aurelia,Female,Referee,J,FRA,France,France,['3x3 Basketball'],
1995226,BOIRE Elise,Female,Referee,J,FRA,France,France,['3x3 Basketball'],
1995228,BOUTONNET Gregoire,Male,Referee,J,FRA,France,France,['3x3 Basketball'],
1995229,PREL Nicolas,Male,Referee,J,FRA,France,France,['3x3 Basketball'],
1995231,TAEYE Corinne,Female,Referee,J,FRA,France,France,['3x3 Basketball'],
1995232,FAYS Francois,Male,Referee,J,FRA,France,France,['3x3 Basketball'],
1995233,FOREST Alexis,Male,Referee,J,FRA,France,France,['3x3 Basketball'],
1995236,MECHIN Celine,Female,Referee,J,FRA,France,France,['3x3 Basketball'],
1995237,SEVAUX Arnaud,Male,Referee,J,FRA,France,France,['3x3 Basketball'],
1995239,CORTINOVIS BEGLOT Chloe,Female,Referee,J,FRA,France,France,['3x3 Basketball'],
1995240,HENON Sandrine,Female,Referee,J,FRA,France,France,['3x3 Basketball'],
1995244,FRANCOIS Cedric,Male,Referee,J,FRA,France,France,['3x3 Basketball'],
1997639,FROST,Female,Judge B,J,GER,Germany,Germany,['Breaking'],
1997650,DOM-K,Male,Judge H,J,FRA,France,France,['Breaking'],
1997675,JESS,Female,Judge E,J,ESP,Spain,Spain,['Breaking'],
1997676,INTACT,Male,Judge I,J,UKR,Ukraine,Ukraine,['Breaking'],
1998243,MIGAZ,Male,Judge D,J,BRA,Brazil,Brazil,['Breaking'],
2003348,VIRUS,Male,Judge G,J,KOR,Korea,Republic of Korea,['Breaking'],
2005147,ABATTI Ramon,Male,Referee,J,BRA,Brazil,Brazil,['Football'],
2005151,AL NAQBI Adel,Male,Referee,J,UAE,UA Emirates,United Arab Emirates,['Football'],
2005153,ALVES Edina,Female,Referee,J,BRA,Brazil,Brazil,['Football'],
2005159,BEIDA Dahane,Male,Referee,J,MTN,Mauritania,Mauritania,['Football'],
2005161,BERNATSKAIA Veronika,Female,Referee,J,KGZ,Kyrgyzstan,Kyrgyzstan,['Football'],
2005166,CALDERAS Emikar,Female,Referee,J,VEN,Venezuela,Venezuela,['Football'],
2005170,CVETKOVIC Jelena,Female,Referee,J,SRB,Serbia,Serbia,['Football'],
2005179,ESKAS Espen,Male,Referee,J,NOR,Norway,Norway,['Football'],
2005180,FALCON Yael,Male,Referee,J,ARG,Argentina,Argentina,['Football'],
2005181,FERNANDEZ Anahi,Female,Referee,J,URU,Uruguay,Uruguay,['Football'],
2005182,FISCHER Drew,Male,Referee,J,CAN,Canada,Canada,['Football'],
2005183,GARCIA Katia,Female,Referee,J,MEX,Mexico,Mexico,['Football'],
2005188,KARBOUBI Bouchra,Female,Referee,J,MAR,Morocco,Morocco,['Football'],
2005189,KAWANA-WAUGH Campbell-Kirk,Male,Referee,J,NZL,New Zealand,New Zealand,['Football'],
2005190,KIM Yujeong,Female,Referee,J,KOR,Korea,Republic of Korea,['Football'],
2005191,KLARLUND Frida,Female,Referee,J,DEN,Denmark,Denmark,['Football'],
2005193,LETEXIER Francois,Male,Referee,J,FRA,France,France,['Football'],
2005195,MARTINEZ Said,Male,Referee,J,HON,Honduras,Honduras,['Football'],
2005200,NYBERG Glenn,Male,Referee,J,SWE,Sweden,Sweden,['Football'],
2005201,OLOFSSON Tess,Female,Referee,J,SWE,Sweden,Sweden,['Football'],
2005206,PENSO Tori,Female,Referee,J,USA,United States,United States of America,['Football'],
2005218,WELCH Rebecca,Female,Referee,J,GBR,Great Britain,Great Britain,['Football'],
2005219,YAMASHITA Yoshimi,Female,Referee,J,JPN,Japan,Japan,['Football'],
2005674,LAUKKANEN Anna,Female,Judge,J,PBU,PBU,Paris 2024 Boxing Unit,['Boxing'],
2005675,WILSON Rosalind,Female,Judge,J,PBU,PBU,Paris 2024 Boxing Unit,['Boxing'],
2005676,MACDIARMADA Diarmuid,Male,Judge,J,PBU,PBU,Paris 2024 Boxing Unit,['Boxing'],
2005677,NORFORD Micky,Male,Judge,J,PBU,PBU,Paris 2024 Boxing Unit,['Boxing'],
2005678,PENA CLEMENTE Felix Francisco,Male,Judge,J,PBU,PBU,Paris 2024 Boxing Unit,['Boxing'],
2005679,BLANCHARD Edward,Male,Judge,J,PBU,PBU,Paris 2024 Boxing Unit,['Boxing'],
2005680,BOBINAS Vilmantas,Male,Judge,J,PBU,PBU,Paris 2024 Boxing Unit,['Boxing'],
2005681,CALO-OY Mark,Male,Judge,J,PBU,PBU,Paris 2024 Boxing Unit,['Boxing'],
2005682,CANNELL Geoffrey,Male,Judge,J,PBU,PBU,Paris 2024 Boxing Unit,['Boxing'],
2005683,DAHLEN Geir,Male,Referee,J,NOR,Norway,Norway,['Boxing'],
2005684,BEKI Piroska,Female,Referee,J,HUN,Hungary,Hungary,['Boxing'],
2005685,DUNAR Cem,Male,Referee,J,NED,Netherlands,Netherlands,['Boxing'],
2005686,FALORNI Paola,Female,Judge,J,PBU,PBU,Paris 2024 Boxing Unit,['Boxing'],
2005687,FRANCHI Carlo,Male,Judge,J,PBU,PBU,Paris 2024 Boxing Unit,['Boxing'],
2005688,GASPAR Antonin,Male,Referee,J,CZE,Czechia,Czechia,['Boxing'],
2005690,HANEVICS Leonids,Male,Judge,J,PBU,PBU,Paris 2024 Boxing Unit,['Boxing'],
2005691,KOPKE Susann,Female,Referee,J,GER,Germany,Germany,['Boxing'],
2005692,LYUBARSKYY Yuriy,Male,Judge,J,PBU,PBU,Paris 2024 Boxing Unit,['Boxing'],
2005693,MELISS Dmitri,Male,Referee,J,EST,Estonia,Estonia,['Boxing'],
2005694,MIETLA Kazimierz,Male,Judge,J,PBU,PBU,Paris 2024 Boxing Unit,['Boxing'],
2005695,OLANDER Mats,Male,Judge,J,PBU,PBU,Paris 2024 Boxing Unit,['Boxing'],
2005696,PAVLOV Pavel,Male,Referee,J,BUL,Bulgaria,Bulgaria,['Boxing'],
2005697,PETERSON Wade,Male,Referee,J,CAN,Canada,Canada,['Boxing'],
2005698,PETERSON Jakov,Male,Referee,J,EST,Estonia,Estonia,['Boxing'],
2005699,POPOV Ivan,Male,Judge,J,PBU,PBU,Paris 2024 Boxing Unit,['Boxing'],
2005700,RAMAJ Naim,Male,Judge,J,PBU,PBU,Paris 2024 Boxing Unit,['Boxing'],
2005701,RIVERA Don,Male,Judge,J,PBU,PBU,Paris 2024 Boxing Unit,['Boxing'],
2005702,RIZZARDO Maria,Female,Judge,J,PBU,PBU,Paris 2024 Boxing Unit,['Boxing'],
2005703,SCHRODER Jurgen,Male,Judge,J,PBU,PBU,Paris 2024 Boxing Unit,['Boxing'],
2005704,SERVIDE Roberto Fernando,Male,Referee,J,ARG,Argentina,Argentina,['Boxing'],
2005705,SIMON Radoslav,Male,Referee,J,SVK,Slovakia,Slovakia,['Boxing'],
2005706,SNIUKSTA Gintaras,Male,Judge,J,PBU,PBU,Paris 2024 Boxing Unit,['Boxing'],
2005707,HAMMER SORENSEN Jorgen,Male,Judge,J,PBU,PBU,Paris 2024 Boxing Unit,['Boxing'],
2005708,VASILIAUSKAS Rytis,Male,Judge,J,PBU,PBU,Paris 2024 Boxing Unit,['Boxing'],
2005709,VASYLYNCHUK Pavlo,Male,Judge,J,PBU,PBU,Paris 2024 Boxing Unit,['Boxing'],
2005710,VERHOEVEN Jeffery,Male,Referee,J,CAN,Canada,Canada,['Boxing'],
2005711,VILARINO Manuel,Male,Referee,J,ARG,Argentina,Argentina,['Boxing'],
2005712,PIKE David,Male,Judge,J,PBU,PBU,Paris 2024 Boxing Unit,['Boxing'],
2005713,SZUCS Veronika,Female,Referee,J,HUN,Hungary,Hungary,['Boxing'],
2005714,RUHEN Carl,Male,Referee,J,AUS,Australia,Australia,['Boxing'],
2005715,INNES Lee,Male,Referee,J,GBR,Great Britain,Great Britain,['Boxing'],
2005716,MA Jonghyo,Male,Judge,J,PBU,PBU,Paris 2024 Boxing Unit,['Boxing'],
2005717,LIN Chia Chan,Female,Referee,J,TPE,Chinese Taipei,Chinese Taipei,['Boxing'],
2005718,LEE Hyeok,Female,Judge,J,PBU,PBU,Paris 2024 Boxing Unit,['Boxing'],
2005719,KURGINIAN Artur,Male,Judge,J,PBU,PBU,Paris 2024 Boxing Unit,['Boxing'],
2005720,KRUTASOV Sergei,Male,Referee,J,PBU,PBU,Paris 2024 Boxing Unit,['Boxing'],
2005721,KIM Jihyun,Male,Judge,J,PBU,PBU,Paris 2024 Boxing Unit,['Boxing'],
2005722,KIM Jongjin,Male,Referee,J,KOR,Korea,Republic of Korea,['Boxing'],
2005723,MIHAI Ion,Male,Judge,J,PBU,PBU,Paris 2024 Boxing Unit,['Boxing'],
2005724,CHO Jungsook,Female,Referee,J,KOR,Korea,Republic of Korea,['Boxing'],
2005725,CHANG Yu Ling,Female,Judge,J,PBU,PBU,Paris 2024 Boxing Unit,['Boxing'],
2005726,ALLAN CAMPBELL Beau,Male,Judge,J,PBU,PBU,Paris 2024 Boxing Unit,['Boxing'],
2005727,ZELIKOWICZ Luis,Male,Judge,J,PBU,PBU,Paris 2024 Boxing Unit,['Boxing'],
2005728,STEPHENS JOHN Deborah Ann,Female,Judge,J,PBU,PBU,Paris 2024 Boxing Unit,['Boxing'],
2005729,VONG Kuok Veng,Male,Judge,J,PBU,PBU,Paris 2024 Boxing Unit,['Boxing'],
2005730,JAYASINHA Eesajith,Male,Judge,J,PBU,PBU,Paris 2024 Boxing Unit,['Boxing'],
2005731,WHIPPY Ratu Seru,Male,Judge,J,PBU,PBU,Paris 2024 Boxing Unit,['Boxing'],
2005733,CHAPLIN David,Male,Judge,J,PBU,PBU,Paris 2024 Boxing Unit,['Boxing'],
2005734,DZIURGOT Maciej,Male,Judge,J,PBU,PBU,Paris 2024 Boxing Unit,['Boxing'],
2005735,STEFANSKI Filip,Male,Judge,J,PBU,PBU,Paris 2024 Boxing Unit,['Boxing'],
2005737,MADEN Johany,Male,Judge,J,PBU,PBU,Paris 2024 Boxing Unit,['Boxing'],
2008524,KAZUHIRO,Male,Judge A,J,JPN,Japan,Japan,['Breaking'],
2009147,HAMILTON Odette,Female,Referee,J,JAM,Jamaica,Jamaica,['Football'],
2009149,ISMAIL Mahmood,Male,Referee,J,SUD,Sudan,Sudan,['Football'],
2009154,TANTASHEV Ilgiz,Male,Referee,J,UZB,Uzbekistan,Uzbekistan,['Football'],
2009168,NABADDA Shamirah,Female,Referee,J,UGA,Uganda,Uganda,['Football'],
2014175,NI Marina,Female,Judge,J,PBU,PBU,Paris 2024 Boxing Unit,['Boxing'],
2014176,SUIYENISH Yermek,Male,Referee,J,KAZ,Kazakhstan,Kazakhstan,['Boxing'],
2014177,THAMPU Nelka,Female,Referee,J,SRI,Sri Lanka,Sri Lanka,['Boxing'],
2014178,SAI ASHOK Kabilan,Male,Referee,J,IND,India,India,['Boxing'],
2014179,SAFRASK Mohamed,Male,Judge,J,PBU,PBU,Paris 2024 Boxing Unit,['Boxing'],
2014180,MOUFASSIR Said,Male,Judge,J,PBU,PBU,Paris 2024 Boxing Unit,['Boxing'],
2014182,BORKOEVA Zhamila,Female,Judge,J,PBU,PBU,Paris 2024 Boxing Unit,['Boxing'],
2014183,POHAN Muhammad,Male,Referee,J,INA,Indonesia,Indonesia,['Boxing'],
2014230,ABBAR Bachir,Male,Referee,J,MAR,Morocco,Morocco,['Boxing'],
2014600,BATYROV Nurbek,Male,Judge,J,PBU,PBU,Paris 2024 Boxing Unit,['Boxing'],
2017691,FRANCO-ROOKS Sheldon,Male,Referee,J,GBR,Great Britain,Great Britain,['Judo'],
2044484,AMANO Akiko,Female,Referee,J,JPN,Japan,Japan,['Judo'],
2046731,BABIUC Ioana,Female,Referee,J,ROU,Romania,Romania,['Judo'],
2049057,BATAILLE Matthieu,Male,Referee,J,FRA,France,France,['Judo'],
2050908,CODA Renata,Female,Referee,J,WAQU,World Aquatics,World Aquatics,['Marathon Swimming'],
2052888,BEN ZVI Ofer,Male,Referee,J,ISR,Israel,Israel,['Judo'],
2054317,CAMACHO PEREZ Raul,Male,Referee,J,ESP,Spain,Spain,['Judo'],
2057677,CHYURLIA Roberta,Female,Referee,J,ITA,Italy,Italy,['Judo'],
2059799,CRUZ CRUZ Orlando,Male,Referee,J,DOM,Dominican Republic,Dominican Republic,['Judo'],
2061938,DJIMBI Jean Claude,Male,Referee,J,GAB,Gabon,Gabon,['Judo'],
2063597,dos SANTOS Mariano,Male,Referee,J,BRA,Brazil,Brazil,['Judo'],
2067277,GONZALEZ Elizabeth,Female,Referee,J,MEX,Mexico,Mexico,['Judo'],
2073824,GOSZTONYI Balazs,Male,Referee,J,HUN,Hungary,Hungary,['Judo'],
2074928,MARERE Aehoitetauirarii,Male,Technical Official,J,ISA,ISA,International Surfing Association,['Surfing'],
2074935,ARAKINO Moko,Male,Technical Official,J,ISA,ISA,International Surfing Association,['Surfing'],
2074939,MASSIN Nathalie,Female,Technical Official,J,ISA,ISA,International Surfing Association,['Surfing'],
2074945,AMARU Prisca,Female,Technical Official,J,ISA,ISA,International Surfing Association,['Surfing'],
2074951,COUTURAUD Heremoana,Male,Technical Official,J,ISA,ISA,International Surfing Association,['Surfing'],
2074956,DUHAZE Yann,Male,Technical Official,J,ISA,ISA,International Surfing Association,['Surfing'],
2074962,PAHAPE Sarah,Female,Technical Official,J,ISA,ISA,International Surfing Association,['Surfing'],
2074968,de LONGEAUX Xavier,Male,Technical Official,J,ISA,ISA,International Surfing Association,['Surfing'],
2075404,KARINKANTA Veli-Matti,Male,Referee,J,FIN,Finland,Finland,['Judo'],
2078388,NUTSUBIDZE Vladimer,Male,Referee,J,GEO,Georgia,Georgia,['Judo'],
2080942,PERETEYKO Vyacheslav,Male,Referee,J,UZB,Uzbekistan,Uzbekistan,['Judo'],
2082578,FRANULOVIC Andrej,Male,Referee,J,CRO,Croatia,Croatia,['Water Polo'],
2083888,RAO Lang,Female,Judge,J,CHN,China,People's Republic of China,['Diving'],
2084202,PETR Lubomir,Male,Referee,J,AUS,Australia,Australia,['Judo'],
2084318,DEBRECENI Nora Nikola,Female,Referee,J,HUN,Hungary,Hungary,['Water Polo'],
2084569,KRUTKAEW Varinthip,Female,Referee,J,WAQU,World Aquatics,World Aquatics,['Marathon Swimming'],
2084667,ZHANG Liang,Male,Referee,J,CHN,China,People's Republic of China,['Water Polo'],
2084843,AXTELIUS Peter,Male,Judge,J,SWE,Sweden,Sweden,['Diving'],
2084910,PARISI Hugo,Male,Judge,J,BRA,Brazil,Brazil,['Diving'],
2085388,KOLIC Natasa,Female,Judge,J,CRO,Croatia,Croatia,['Diving'],
2085933,BLANCHARD Aurely,Female,Referee,J,FRA,France,France,['Water Polo'],
2086405,ZHANG Guangyue,Female,Referee,J,CHN,China,People's Republic of China,['Judo'],
2088103,CORTES Manuel,Male,Referee,J,ESP,Spain,Spain,['Judo'],
2090832,KNOESTER Carlo,Male,Referee,J,AUS,Australia,Australia,['Judo'],
2092195,MASHBAT Bukhbat,Male,Referee,J,MGL,Mongolia,Mongolia,['Judo'],
2093293,RAKHLIN Evgeny,Male,Referee,J,IJF,IJF,International Judo Federation,['Judo'],
2279615,GERRARD David,Male,Referee,J,WAQU,World Aquatics,World Aquatics,"['Diving', 'Marathon Swimming', 'Artistic Swimming', 'Water Polo']",
2279688,MILLER James,Male,Referee,J,WAQU,World Aquatics,World Aquatics,"['Diving', 'Marathon Swimming', 'Artistic Swimming', 'Water Polo']",
2279694,MERKELY Bela Peter,Male,Referee,J,WAQU,World Aquatics,World Aquatics,"['Diving', 'Marathon Swimming', 'Artistic Swimming', 'Water Polo']",
2279704,ELHABIBY Riham,Female,Referee,J,WAQU,World Aquatics,World Aquatics,"['Diving', 'Marathon Swimming', 'Artistic Swimming', 'Water Polo']",
2279707,van den HOOGENBAND Cees,Male,Referee,J,WAQU,World Aquatics,World Aquatics,"['Diving', 'Marathon Swimming', 'Artistic Swimming', 'Water Polo']",
2279712,SHERAFAT VAZIRI Arash,Male,Referee,J,WAQU,World Aquatics,World Aquatics,"['Diving', 'Marathon Swimming', 'Artistic Swimming', 'Water Polo']",
2279716,WINGFIELD WILLIAMS Kristin,Female,Referee,J,WAQU,World Aquatics,World Aquatics,"['Diving', 'Marathon Swimming', 'Artistic Swimming', 'Water Polo']",
2279831,ZHAO Qi,Male,Referee,J,WAQU,World Aquatics,World Aquatics,['Water Polo'],
2279833,COMPOIS Benedicte,Female,Referee,J,WAQU,World Aquatics,World Aquatics,['Marathon Swimming'],
2279834,CIRIC Mihajlo,Male,Referee,J,WAQU,World Aquatics,World Aquatics,['Water Polo'],
2279835,PETERSON Gord,Male,Judge,J,CAN,Canada,Canada,['Diving'],
2279836,MOLINER Angel,Male,Referee,J,WAQU,World Aquatics,World Aquatics,['Water Polo'],
2279837,LINDBERG Mathz,Male,Judge,J,SWE,Sweden,Sweden,['Diving'],
2279838,BRGULJAN Marijo,Male,Referee,J,WAQU,World Aquatics,World Aquatics,['Water Polo'],
2279839,KRYNICKI Bartlomiej,Male,Judge,J,POL,Poland,Poland,['Diving'],
2279841,SOROKINA Anna,Female,Judge,J,UKR,Ukraine,Ukraine,['Diving'],
2279842,de JESUS Manuel,Male,Referee,J,WAQU,World Aquatics,World Aquatics,['Water Polo'],
2279843,ALSAFFAR Bashar,Male,Judge,J,KUW,Kuwait,Kuwait,['Diving'],
2279845,NOVOTNA Hana,Female,Judge,J,CZE,Czechia,Czechia,['Diving'],
2279846,WILLIS Dion,Male,Referee,J,WAQU,World Aquatics,World Aquatics,['Water Polo'],
2279850,FODOR Szabolcs,Male,Referee,J,WAQU,World Aquatics,World Aquatics,['Marathon Swimming'],
2279851,KURODA Ken,Male,Referee,J,WAQU,World Aquatics,World Aquatics,['Water Polo'],
2279852,KANETO Yuki,Female,Judge,J,JPN,Japan,Japan,['Diving'],
2279853,van VEENHUYZEN Emile,Male,Referee,J,WAQU,World Aquatics,World Aquatics,['Marathon Swimming'],
2279855,BROCHERO Monica,Female,Referee,J,WAQU,World Aquatics,World Aquatics,['Water Polo'],
2279858,AL ALAWI Abdul Monem,Male,Referee,J,WAQU,World Aquatics,World Aquatics,['Marathon Swimming'],
2279859,CAPUTI Massimiliano,Male,Referee,J,WAQU,World Aquatics,World Aquatics,['Water Polo'],
2279861,HOEPELMAN Andy,Male,Referee,J,WAQU,World Aquatics,World Aquatics,['Water Polo'],
2279862,SOTO Jorge,Male,Referee,J,WAQU,World Aquatics,World Aquatics,['Water Polo'],
2279863,BEBIC Milivoj,Male,Referee,J,WAQU,World Aquatics,World Aquatics,['Water Polo'],
2279865,BAPTISTA Luis,Male,Referee,J,WAQU,World Aquatics,World Aquatics,['Marathon Swimming'],
2279867,CASSIDY S.A. Sid,Male,Referee,J,WAQU,World Aquatics,World Aquatics,['Marathon Swimming'],
2279869,HASSAN Mohamed,Male,Judge,J,EGY,Egypt,Egypt,['Diving'],
2279872,KOH Tony,Male,Judge,J,MAS,Malaysia,Malaysia,['Diving'],
2279873,WEERTMAN Ferry,Male,Referee,J,WAQU,World Aquatics,World Aquatics,['Marathon Swimming'],
2279874,KASHMIRI Ziyad,Male,Referee,J,WAQU,World Aquatics,World Aquatics,['Marathon Swimming'],
2279875,REZVANI Mohsen,Male,Referee,J,WAQU,World Aquatics,World Aquatics,['Water Polo'],
2279876,CAMERON Don,Male,Referee,J,WAQU,World Aquatics,World Aquatics,['Water Polo'],
2279877,BROOKER Eric,Male,Judge,J,AUS,Australia,Australia,['Diving'],
2279878,GUO Jingjing,Female,Judge,J,HKG,"Hong Kong, China","Hong Kong, China",['Diving'],
2279879,BOGOMILOVA Tanya,Female,Referee,J,WAQU,World Aquatics,World Aquatics,['Marathon Swimming'],
2279880,FARID Hadi,Male,Referee,J,WAQU,World Aquatics,World Aquatics,['Water Polo'],
2279881,KOZOMPOLI Stavroula,Female,Referee,J,WAQU,World Aquatics,World Aquatics,['Water Polo'],
2279882,MOLNAR Tamas,Male,Referee,J,WAQU,World Aquatics,World Aquatics,['Water Polo'],
2279885,PRAYER Andrea,Male,Referee,J,WAQU,World Aquatics,World Aquatics,['Marathon Swimming'],
2279886,LI Na,Female,Judge,J,CHN,China,People's Republic of China,['Diving'],
2279887,WEST John,Male,Referee,J,WAQU,World Aquatics,World Aquatics,['Marathon Swimming'],
2279889,PAPAZIAN Richard,Male,Referee,J,WAQU,World Aquatics,World Aquatics,['Water Polo'],
2279890,KAMRAU Britta,Female,Referee,J,WAQU,World Aquatics,World Aquatics,['Marathon Swimming'],
2279891,KELEMEN Ildiko,Female,Judge,J,WAQU,World Aquatics,World Aquatics,['Diving'],
2279893,DONOVAL Sanda,Female,Judge,J,CRO,Croatia,Croatia,['Diving'],
2279895,ICHIKAWA Ioki,Male,Referee,J,WAQU,World Aquatics,World Aquatics,['Marathon Swimming'],
2279896,SALAS Josue,Male,Judge,J,PER,Peru,Peru,['Diving'],
2279897,MENA Jesus,Male,Judge,J,MEX,Mexico,Mexico,['Diving'],
2279899,van de BERG Damian,Male,Referee,J,WAQU,World Aquatics,World Aquatics,['Marathon Swimming'],
2279900,BECK Melanie,Female,Judge,J,GBR,Great Britain,Great Britain,['Diving'],
2279901,CHENG Ho Ming Edward,Male,Referee,J,WAQU,World Aquatics,World Aquatics,['Marathon Swimming'],
2280241,de RENZIS Laura,Female,Judge,J,WAQU,World Aquatics,World Aquatics,['Artistic Swimming'],
2280242,VIZI Judit,Female,Judge,J,WAQU,World Aquatics,World Aquatics,['Artistic Swimming'],
2280243,KAVAKLIOGLU Marie,Female,Judge,J,WAQU,World Aquatics,World Aquatics,['Artistic Swimming'],
2280244,ASAHARA Fumiko,Female,Judge,J,WAQU,World Aquatics,World Aquatics,['Artistic Swimming'],
2280245,NAIDOO Jennifer,Female,Judge,J,WAQU,World Aquatics,World Aquatics,['Artistic Swimming'],
2280246,CROES Esther,Female,Judge,J,WAQU,World Aquatics,World Aquatics,['Artistic Swimming'],
2280247,LUO Xi,Female,Judge,J,WAQU,World Aquatics,World Aquatics,['Artistic Swimming'],
2280248,HAZLE Betty,Female,Judge,J,WAQU,World Aquatics,World Aquatics,['Artistic Swimming'],
2280249,KARAMPELA Despoina,Female,Judge,J,WAQU,World Aquatics,World Aquatics,['Artistic Swimming'],
2280250,PAVON Veronica,Female,Judge,J,WAQU,World Aquatics,World Aquatics,['Artistic Swimming'],
2280251,KARIMOVA Aliya,Female,Judge,J,WAQU,World Aquatics,World Aquatics,['Artistic Swimming'],
2280252,NEPOTACHEVA Anna,Female,Judge,J,WAQU,World Aquatics,World Aquatics,['Artistic Swimming'],
2280253,VIGLINO Gabriela,Female,Judge,J,WAQU,World Aquatics,World Aquatics,['Artistic Swimming'],
2280254,MONTERO Ana,Female,Judge,J,WAQU,World Aquatics,World Aquatics,['Artistic Swimming'],
2280255,SCHOTT Lisa,Female,Judge,J,WAQU,World Aquatics,World Aquatics,['Artistic Swimming'],
2280256,CHEW Steve,Male,Judge,J,WAQU,World Aquatics,World Aquatics,['Artistic Swimming'],
2280354,BAI Muwei,Female,Judge,J,WAQU,World Aquatics,World Aquatics,['Artistic Swimming'],
2280355,HEALD Kara,Female,Judge,J,WAQU,World Aquatics,World Aquatics,['Artistic Swimming'],
2280356,ZAPATA AGUDELO Lina Maria,Female,Judge,J,WAQU,World Aquatics,World Aquatics,['Artistic Swimming'],
2280357,ARRAM Iman,Female,Judge,J,WAQU,World Aquatics,World Aquatics,['Artistic Swimming'],
2280358,SHEPARD Lucia,Female,Judge,J,WAQU,World Aquatics,World Aquatics,['Artistic Swimming'],
2280359,SUMI Akiko,Female,Judge,J,WAQU,World Aquatics,World Aquatics,['Artistic Swimming'],
2280360,PRATT Ali,Female,Judge,J,WAQU,World Aquatics,World Aquatics,['Artistic Swimming'],
2280361,RUSSELL Cheryl,Female,Judge,J,WAQU,World Aquatics,World Aquatics,['Artistic Swimming'],
2280362,LERMAN Natalia,Female,Judge,J,WAQU,World Aquatics,World Aquatics,['Artistic Swimming'],
2280363,MONTEDONICO Sofia Victoria,Female,Judge,J,WAQU,World Aquatics,World Aquatics,['Artistic Swimming'],
2280364,GARCIA GENTA Luciana,Female,Judge,J,WAQU,World Aquatics,World Aquatics,['Artistic Swimming'],
2280365,OBERMARK FUNKE Petra,Female,Judge,J,WAQU,World Aquatics,World Aquatics,['Artistic Swimming'],
2280366,VEGA COUTO Marisol,Female,Judge,J,WAQU,World Aquatics,World Aquatics,['Artistic Swimming'],
2280367,GRICAR Iva,Female,Judge,J,WAQU,World Aquatics,World Aquatics,['Artistic Swimming'],
2280368,MUSSON Courtney,Female,Judge,J,WAQU,World Aquatics,World Aquatics,['Artistic Swimming'],
2280369,KEUR Rynske,Female,Judge,J,WAQU,World Aquatics,World Aquatics,['Artistic Swimming'],
2281421,COLOMBO Raffaele,Male,Referee,J,ITA,Italy,Italy,['Water Polo'],
2281422,DAW Yehia,Male,Judge,J,EGY,Egypt,Egypt,['Diving'],
2281423,DERVIEUX Sebastien,Male,Referee,J,FRA,France,France,['Water Polo'],
2281425,FERRARI Alessia,Female,Referee,J,ITA,Italy,Italy,['Water Polo'],
2281427,GILLESPIE Ross,Male,Referee,J,WAQU,World Aquatics,World Aquatics,['Marathon Swimming'],
2281428,GOLOVAN Anatoliy,Male,Judge,J,UKR,Ukraine,Ukraine,['Diving'],
2281429,GOMEZ PORDOMINGO David,Male,Referee,J,ESP,Spain,Spain,['Water Polo'],
2281430,HODGERS Nicholas,Male,Referee,J,AUS,Australia,Australia,['Water Polo'],
2281432,KIAMBATA Kimbu,Male,Referee,J,WAQU,World Aquatics,World Aquatics,['Marathon Swimming'],
2281433,KOVACS-CSATLOS Tamas,Male,Referee,J,HUN,Hungary,Hungary,['Water Polo'],
2281434,KUROSAKI Chisato,Male,Referee,J,JPN,Japan,Japan,['Water Polo'],
2281445,ISNARD Adrien,Male,Line Judge,J,FIVB,FIVB,International Volleyball Federation,['Beach Volleyball'],
2281448,LEGRAND Olivier,Male,Line Judge,J,FIVB,FIVB,International Volleyball Federation,['Beach Volleyball'],
2281449,HORVAIS Azeline,Female,Line Judge,J,FIVB,FIVB,International Volleyball Federation,['Beach Volleyball'],
2281450,MENDES Zelio,Male,Line Judge,J,FIVB,FIVB,International Volleyball Federation,['Beach Volleyball'],
2281451,CHARRIERE Fabien,Male,Line Judge,J,FIVB,FIVB,International Volleyball Federation,['Beach Volleyball'],
2281452,de CASTRO Miguel,Male,Line Judge,J,FIVB,FIVB,International Volleyball Federation,['Beach Volleyball'],
2281454,NIEL Maxime,Male,Line Judge,J,FIVB,FIVB,International Volleyball Federation,['Beach Volleyball'],
2281455,TORRE Pietro,Male,Line Judge,J,FIVB,FIVB,International Volleyball Federation,['Beach Volleyball'],
2281456,le CORVIC Frank,Male,Line Judge,J,FIVB,FIVB,International Volleyball Federation,['Beach Volleyball'],
2281457,DENIS Olivier,Male,Line Judge,J,FIVB,FIVB,International Volleyball Federation,['Beach Volleyball'],
2281459,de THY Morgane,Female,Line Judge,J,FIVB,FIVB,International Volleyball Federation,['Beach Volleyball'],
2281460,TRANCHANT Sebastien,Male,Line Judge,J,FIVB,FIVB,International Volleyball Federation,['Beach Volleyball'],
2281461,CREPEL Stephane,Male,Line Judge,J,FIVB,FIVB,International Volleyball Federation,['Beach Volleyball'],
2281462,BRASSART Geoffrey,Male,Line Judge,J,FIVB,FIVB,International Volleyball Federation,['Beach Volleyball'],
2281463,AGESILAS Yael,Male,Line Judge,J,FIVB,FIVB,International Volleyball Federation,['Beach Volleyball'],
2281466,TANGUY Ludivine,Female,Line Judge,J,FIVB,FIVB,International Volleyball Federation,['Beach Volleyball'],
2281467,RANCHAL Lilian,Male,Line Judge,J,FIVB,FIVB,International Volleyball Federation,['Beach Volleyball'],
2281469,PIETRASIK Theo,Male,Line Judge,J,FIVB,FIVB,International Volleyball Federation,['Beach Volleyball'],
2281471,GREUILLET Laurence,Female,Line Judge,J,FIVB,FIVB,International Volleyball Federation,['Beach Volleyball'],
2281472,MAMERI Fahim,Male,Line Judge,J,FIVB,FIVB,International Volleyball Federation,['Beach Volleyball'],
2281520,ZWI Noam,Male,Judge,J,WAQU,World Aquatics,World Aquatics,['Artistic Swimming'],
2281953,OHME Frank,Male,Referee,J,GER,Germany,Germany,['Water Polo'],
2281954,TOULOUDIS Nikolaos,Male,Judge,J,GRE,Greece,Greece,['Diving'],
2281955,PEREZ Angel,Male,Judge,J,ESP,Spain,Spain,['Diving'],
2281956,TOMLINSON Vicki,Female,Judge,J,GBR,Great Britain,Great Britain,['Diving'],
2281957,LEE William,Male,Judge,J,SGP,Singapore,Singapore,['Diving'],
2281958,MARGETA Boris,Male,Referee,J,SLO,Slovenia,Slovenia,['Water Polo'],
2281959,STEWART Lee-Anne,Female,Referee,J,RSA,South Africa,South Africa,['Water Polo'],
2281960,MISKOVIC Veselin,Male,Referee,J,MNE,Montenegro,Montenegro,['Water Polo'],
2281962,ZWART Michiel,Male,Referee,J,NED,Netherlands,Netherlands,['Water Polo'],
2281963,Mc CALL Jennifer Erin,Female,Referee,J,USA,United States,United States of America,['Water Polo'],
2281964,SZEKFFY Nora,Female,Judge,J,HUN,Hungary,Hungary,['Diving'],
2281965,STABILE Jeffrey,Male,Judge,J,USA,United States,United States of America,['Diving'],
2281967,YEOH Ken Nee,Male,Judge,J,MAS,Malaysia,Malaysia,['Diving'],
2281971,POTVIN Sylvie,Female,Referee,J,WAQU,World Aquatics,World Aquatics,['Marathon Swimming'],
2281973,PUTNIKOVIC Vojin,Male,Referee,J,SRB,Serbia,Serbia,['Water Polo'],
2281974,MIN Seoghong,Male,Judge,J,KOR,Korea,Republic of Korea,['Diving'],
2281976,SPIRITOSANTO Darren Brown,Male,Referee,J,USA,United States,United States of America,['Water Polo'],
2281977,MEHALHEL Yasser Ali Said,Male,Referee,J,EGY,Egypt,Egypt,['Water Polo'],
2281978,MARKOPOULOU Natalia,Female,Referee,J,GRE,Greece,Greece,['Water Polo'],
2281979,RODRIGUEZ Angelique,Female,Judge,J,PUR,Puerto Rico,Puerto Rico,['Diving'],
2281980,SCHREUDERS Frits Albert,Male,Referee,J,WAQU,World Aquatics,World Aquatics,['Marathon Swimming'],
2281990,van der VOORT Ronald,Male,Judge,J,NED,Netherlands,Netherlands,['Diving'],
2281996,SOH Soh Yew Siang,Male,Referee,J,WAQU,World Aquatics,World Aquatics,['Marathon Swimming'],
2281997,RAK Mladen,Male,Referee,J,CRO,Croatia,Croatia,['Water Polo'],
2281998,STAVRIDIS Georgios,Male,Referee,J,GRE,Greece,Greece,['Water Polo'],
2288825,SHAHRIYARI Paria,Female,Referee,J,IRI,IR Iran,Islamic Republic of Iran,['Football'],
2292964,BOYER James,Male,Referee,J,FIBA,FIBA,International Basketball Federation,['Basketball'],
2310748,MOY,Male,Judge C,J,USA,United States,United States of America,['Breaking'],
2318060,BROOKER Gillian,Female,Judge,J,AUS,Australia,Australia,['Diving'],
2318063,CALDERARA Gianluca,Male,Judge,J,ITA,Italy,Italy,['Diving'],
2318067,ARUMBOWO Pranarta,Male,Judge,J,INA,Indonesia,Indonesia,['Diving'],
2318076,AZORIN Daniel,Male,Judge,J,FRA,France,France,['Diving'],
2318080,BANUELOS Ricardo,Male,Judge,J,MEX,Mexico,Mexico,['Diving'],
2318089,BUSH Barb,Female,Judge,J,CAN,Canada,Canada,['Diving'],
2318093,SCHLEPPS Holger,Male,Judge,J,GER,Germany,Germany,['Diving'],
2318098,CABANAS Marta,Female,Referee,J,ESP,Spain,Spain,['Water Polo'],
2318102,ALEXANDRESCU Adrian,Male,Referee,J,ROU,Romania,Romania,['Water Polo'],
2473637,SAITO Satoru,Male,Referee,J,JPN,Japan,Japan,['Taekwondo'],
2473638,RODRIGUEZ Guillermo,Male,Referee,J,VEN,Venezuela,Venezuela,['Taekwondo'],
2473639,LEE Jeng Yen,Female,Referee,J,MAS,Malaysia,Malaysia,['Taekwondo'],
2473640,BAGHERI KALMARZI Masoumeh,Female,Referee,J,IRI,IR Iran,Islamic Republic of Iran,['Taekwondo'],
2473641,LEVAI Ksenija,Female,Referee,J,SRB,Serbia,Serbia,['Taekwondo'],
2473642,CHOI Yongbae,Male,Referee,J,KOR,Korea,Republic of Korea,['Taekwondo'],
2473643,KHORASSANDJIAN Daniel,Male,Referee,J,LBN,Lebanon,Lebanon,['Taekwondo'],
2473644,RAILEANU Stefan,Male,Referee,J,MDA,Republic of Moldova,Republic of Moldova,['Taekwondo'],
2473645,SCHEFFLER Agnieszka,Female,Referee,J,POL,Poland,Poland,['Taekwondo'],
2473646,STARKOV Andriy,Male,Referee,J,UKR,Ukraine,Ukraine,['Taekwondo'],
2473647,WHITE Nichola,Female,Referee,J,AUS,Australia,Australia,['Taekwondo'],
2473648,REZENDE Marcelo,Male,Referee,J,BRA,Brazil,Brazil,['Taekwondo'],
2473649,JUMAN Alissa,Female,Referee,J,CAN,Canada,Canada,['Taekwondo'],
2473650,BOYD DIAZ Susana,Female,Referee,J,PAN,Panama,Panama,['Taekwondo'],
2473651,KIM Denis,Male,Referee,J,WT,World Taekwondo,World Taekwondo,['Taekwondo'],
2473652,SADEGHI Hassan,Male,Referee,J,BEL,Belgium,Belgium,['Taekwondo'],
2475179,DJLASSI Anouer,Male,Referee,J,TUN,Tunisia,Tunisia,['Taekwondo'],
2475180,ORNELAS CABALLERO Araceli,Female,Referee,J,MEX,Mexico,Mexico,['Taekwondo'],
2475181,MAROT Jelena,Female,Referee,J,CRO,Croatia,Croatia,['Taekwondo'],
2475197,ZHU Linfang,Female,Referee,J,CHN,China,People's Republic of China,['Taekwondo'],
2476088,PAINCHAUD Helene,Female,Referee,J,CAN,Canada,Canada,['Water Polo'],
2480085,MENHEL Yauheniya,Female,Referee,J,UWW,UWW,United World Wrestling,['Wrestling'],
2480087,DAMIENS Serge,Male,Referee,J,UWW,UWW,United World Wrestling,['Wrestling'],
2480088,CAUVIN Sophie,Female,Referee,J,UWW,UWW,United World Wrestling,['Wrestling'],
2480089,le GLEUT Regine,Female,Referee,J,UWW,UWW,United World Wrestling,['Wrestling'],
2480090,VAZEILLES Pierre,Male,Referee,J,UWW,UWW,United World Wrestling,['Wrestling'],
2480091,GUYOT Nicolas,Male,Referee,J,UWW,UWW,United World Wrestling,['Wrestling'],
2480092,BRELET Esther,Female,Referee,J,UWW,UWW,United World Wrestling,['Wrestling'],
2480093,JOAL Cedric,Male,Referee,J,UWW,UWW,United World Wrestling,['Wrestling'],
2480094,FAUVEAU Marion,Female,Referee,J,UWW,UWW,United World Wrestling,['Wrestling'],
2480095,LAISSAOUI Iliass,Male,Referee,J,UWW,UWW,United World Wrestling,['Wrestling'],
2480096,LEBEE Jason,Male,Referee,J,UWW,UWW,United World Wrestling,['Wrestling'],
2480097,AKA Akesse Kouadio Vincent,Male,Referee,J,UWW,UWW,United World Wrestling,['Wrestling'],
2480098,SOMON Jordan,Male,Referee,J,UWW,UWW,United World Wrestling,['Wrestling'],
2480099,FERNANDEZ LOBO da COSTA Joao Vitor,Male,Referee,J,UWW,UWW,United World Wrestling,['Wrestling'],
2480121,BEISEMBAYEV Olzhas,Male,Referee,J,UWW,UWW,United World Wrestling,['Wrestling'],
2480151,SIMSEK Onur,Male,Referee,J,UWW,UWW,United World Wrestling,['Wrestling'],
2480426,ALADARBEH Ayman,Male,Referee,J,JOR,Jordan,Jordan,['Taekwondo'],
2480430,ISSA SAMSOU Ibrahim,Male,Referee,J,NIG,Niger,Niger,['Taekwondo'],
2480431,FORNARO Erika,Female,Referee,J,ITA,Italy,Italy,['Taekwondo'],
2480432,WU Yuting,Female,Referee,J,TPE,Chinese Taipei,Chinese Taipei,['Taekwondo'],
2480534,ELSAYED May,Female,Referee,J,EGY,Egypt,Egypt,['Taekwondo'],
2481849,CARTER Ingrid Dannette,Female,Judge,J,PBU,PBU,Paris 2024 Boxing Unit,['Boxing'],
2482372,METAHNI Dorsaf,Female,Referee,J,TUN,Tunisia,Tunisia,['Wrestling'],
2482375,ERSOY Orhun,Male,Referee,J,UWW,UWW,United World Wrestling,['Wrestling'],
2482551,SHIRALIYEV Asif,Male,Referee,J,AZE,Azerbaijan,Azerbaijan,['Wrestling'],
2482584,KIM Dmitriy,Male,Referee,J,UZB,Uzbekistan,Uzbekistan,['Taekwondo'],
2482611,IMANI Amal,Female,Referee,J,MAR,Morocco,Morocco,['Wrestling'],
2483779,GUT la RAGIONE Livia,Female,Judge,J,WAQU,World Aquatics,World Aquatics,['Artistic Swimming'],
2483785,SIULZHYN Valiantsin,Male,Referee,J,UWW,UWW,United World Wrestling,['Wrestling'],
2483837,ABDALLA Marwa,Female,Referee,J,EGY,Egypt,Egypt,['Wrestling'],
2483874,SADEGHI Nima,Male,Referee,J,IRI,IR Iran,Islamic Republic of Iran,['Wrestling'],
2483960,ISMAEL Hadi,Male,Referee,J,IRQ,Iraq,Iraq,['Wrestling'],
2484641,LIGAY Igor,Male,Referee,J,KAZ,Kazakhstan,Kazakhstan,['Wrestling'],
2484901,ZHUMABEKOV Yerik,Male,Referee,J,KAZ,Kazakhstan,Kazakhstan,['Wrestling'],
2489078,TRIGO Nuno,Male,Technical Official,J,POR,Portugal,Portugal,['Surfing'],
2489144,ELLIOTT Glen,Male,Technical Official,J,AUS,Australia,Australia,['Surfing'],
2489171,MOORE Kevin,Male,Technical Official,J,PER,Peru,Peru,['Surfing'],
2490710,CAMUS Pauline,Female,Referee,J,IJF,IJF,International Judo Federation,['Judo'],
2490711,JAMMET Romain,Male,Referee,J,IJF,IJF,International Judo Federation,['Judo'],
2490712,ALESSANDRINI FANTIN Vincent,Male,Referee,J,IJF,IJF,International Judo Federation,['Judo'],
2490713,DUGLOUD Cedric,Male,Referee,J,IJF,IJF,International Judo Federation,['Judo'],
2490714,LALLE Cedric,Male,Referee,J,IJF,IJF,International Judo Federation,['Judo'],
2490715,DANVERS Stephanie,Female,Referee,J,IJF,IJF,International Judo Federation,['Judo'],
2490716,LOPES Jose,Male,Referee,J,IJF,IJF,International Judo Federation,['Judo'],
2490717,CHARPENTIER Julia,Female,Referee,J,IJF,IJF,International Judo Federation,['Judo'],
2490718,BERTHAULT Laura,Female,Referee,J,IJF,IJF,International Judo Federation,['Judo'],
2490719,GIRARDEY Sebastien,Male,Referee,J,IJF,IJF,International Judo Federation,['Judo'],
2490720,ZOUAOUI Akila,Female,Referee,J,IJF,IJF,International Judo Federation,['Judo'],
2490721,LAJEUNCOMME David,Male,Referee,J,IJF,IJF,International Judo Federation,['Judo'],
2490722,FAUROUX Eric,Female,Referee,J,IJF,IJF,International Judo Federation,['Judo'],
2490723,CARON Pascal,Male,Referee,J,IJF,IJF,International Judo Federation,['Judo'],
2490724,SABLIER Laurence,Female,Referee,J,IJF,IJF,International Judo Federation,['Judo'],
2490725,BRETAUDEAU Jerome,Male,Referee,J,IJF,IJF,International Judo Federation,['Judo'],
2490726,DROISSART Jerome,Male,Referee,J,IJF,IJF,International Judo Federation,['Judo'],
2490727,LAPLANCHE Emilie,Female,Referee,J,IJF,IJF,International Judo Federation,['Judo'],
2490728,PHAM Huu Hanh,Male,Referee,J,IJF,IJF,International Judo Federation,['Judo'],
2490729,GORGETTE Julien,Male,Referee,J,IJF,IJF,International Judo Federation,['Judo'],
2490851,le GALLO Maxime,Male,Judge,J,FRA,France,France,['Trampoline Gymnastics'],1971-03-10
2490853,LAVERGNE Lilian,Male,Judge,J,FRA,France,France,['Trampoline Gymnastics'],1975-08-20
2490854,CLOUD Cyril,Male,Judge,J,FRA,France,France,['Trampoline Gymnastics'],1974-01-22
2490855,HEBANT Valerie,Female,Judge,J,FRA,France,France,['Trampoline Gymnastics'],1969-11-13
2490856,BOURGIT Carole,Female,Judge,J,FRA,France,France,['Trampoline Gymnastics'],1974-11-09
2490861,DESPORTE Laurent,Male,Judge,J,FRA,France,France,['Artistic Gymnastics'],1975-02-06
2490864,de CARVALHO Sarah,Female,Judge,J,FIG,FIG,International Gymnastics Federation,['Artistic Gymnastics'],
2490876,BUYS Mickael,Male,Judge,J,FIG,FIG,International Gymnastics Federation,['Artistic Gymnastics'],
2490881,GAGNIERE Thomas,Male,Judge,J,FRA,France,France,['Artistic Gymnastics'],1986-01-28
2490887,MEREL Erwan,Male,Judge,J,FIG,FIG,International Gymnastics Federation,['Artistic Gymnastics'],
2490891,de COSSIO Isabelle,Female,Judge,J,FRA,France,France,['Rhythmic Gymnastics'],1964-12-01
2490892,ANDRIESSE Anne-Sophie,Female,Judge,J,FRA,France,France,['Rhythmic Gymnastics'],1971-03-23
2490893,GARBIN Amandine,Female,Judge,J,FRA,France,France,['Rhythmic Gymnastics'],1977-02-05
2490894,DROUARD Benedite,Female,Judge,J,FIG,FIG,International Gymnastics Federation,['Rhythmic Gymnastics'],
2490895,BAREL Anne Valerie,Female,Judge,J,FIG,FIG,International Gymnastics Federation,['Rhythmic Gymnastics'],
2490896,LAUTH Dominique,Female,Judge,J,FRA,France,France,['Rhythmic Gymnastics'],1951-12-04
2490897,LICHTLE Agnes,Female,Judge,J,FRA,France,France,['Rhythmic Gymnastics'],1959-05-08
2490898,MARTEL Camille,Female,Judge,J,FRA,France,France,['Rhythmic Gymnastics'],1993-10-01
2490899,ROBIN Stephanie,Female,Judge,J,FRA,France,France,['Rhythmic Gymnastics'],1974-10-25
2490900,ROUSSOT Maud,Female,Judge,J,FRA,France,France,['Rhythmic Gymnastics'],1979-10-15
2490901,SALINIER Camille,Female,Judge,J,FRA,France,France,['Rhythmic Gymnastics'],1988-05-26
2490916,VERBOOM Jef,Male,Judge,J,UCI,UCI,Union Cycliste Internationale,['Cycling BMX Freestyle'],
2490918,ROLHION Olivier,Male,Judge,J,UCI,UCI,Union Cycliste Internationale,['Cycling BMX Freestyle'],
2490919,ADRIX Remi,Male,Judge,J,UCI,UCI,Union Cycliste Internationale,['Cycling BMX Freestyle'],
2491197,KANTE Dramane,Male,Referee,J,WT,World Taekwondo,World Taekwondo,['Taekwondo'],
2491198,EMMANUEL EMILE Harry,Male,Referee,J,WT,World Taekwondo,World Taekwondo,['Taekwondo'],
2491199,LEPERT Marie,Female,Referee,J,WT,World Taekwondo,World Taekwondo,['Taekwondo'],
2491200,LARABI Rafika,Female,Referee,J,WT,World Taekwondo,World Taekwondo,['Taekwondo'],
2491201,AMMI Fatima,Female,Referee,J,WT,World Taekwondo,World Taekwondo,['Taekwondo'],
2491203,MORENO Jean Anthony,Male,Referee,J,WT,World Taekwondo,World Taekwondo,['Taekwondo'],
2491204,MIYAHOUENOU Joel,Male,Referee,J,WT,World Taekwondo,World Taekwondo,['Taekwondo'],
2491205,DUVERNOIS Jacques,Male,Referee,J,WT,World Taekwondo,World Taekwondo,['Taekwondo'],
2491206,BAYLOU Maud Francoise,Female,Referee,J,WT,World Taekwondo,World Taekwondo,['Taekwondo'],
2491207,SEMBONA Serge,Male,Referee,J,WT,World Taekwondo,World Taekwondo,['Taekwondo'],
2491209,THABET Sinaa,Female,Referee,J,WT,World Taekwondo,World Taekwondo,['Taekwondo'],
2491271,DOHOLLOU Loisa,Female,Referee,J,FIBA,FIBA,International Basketball Federation,['Basketball'],
2491272,ABID Valentin,Male,Referee,J,FIBA,FIBA,International Basketball Federation,['Basketball'],
2491273,BAERMANN Laetitia,Female,Referee,J,FIBA,FIBA,International Basketball Federation,['Basketball'],
2491274,BAILLY Laurence,Female,Referee,J,FIBA,FIBA,International Basketball Federation,['Basketball'],
2491275,BAUMARD Benjamin,Male,Referee,J,FIBA,FIBA,International Basketball Federation,['Basketball'],
2491276,BERNHARD Denis,Male,Referee,J,FIBA,FIBA,International Basketball Federation,['Basketball'],
2491277,BOOS Christelle,Female,Referee,J,FIBA,FIBA,International Basketball Federation,['Basketball'],
2491278,CASAL SOMOZA Emilia,Female,Referee,J,FIBA,FIBA,International Basketball Federation,['Basketball'],
2491279,CHERASSE Laurent,Male,Referee,J,FIBA,FIBA,International Basketball Federation,['Basketball'],
2491280,DELARUE Gregoire,Male,Referee,J,FIBA,FIBA,International Basketball Federation,['Basketball'],
2491281,DENISE Frederic,Male,Referee,J,FIBA,FIBA,International Basketball Federation,['Basketball'],
2491282,DESMIS David,Male,Referee,J,FIBA,FIBA,International Basketball Federation,['Basketball'],
2491283,DUBOIS Coralie,Female,Referee,J,FIBA,FIBA,International Basketball Federation,['Basketball'],
2491284,DUPREY David,Male,Referee,J,FIBA,FIBA,International Basketball Federation,['Basketball'],
2491285,DUTOYA Benedicte,Female,Referee,J,FIBA,FIBA,International Basketball Federation,['Basketball'],
2491286,ETIENNE Audrey,Female,Referee,J,FIBA,FIBA,International Basketball Federation,['Basketball'],
2491287,FRITZ Michele,Female,Referee,J,FIBA,FIBA,International Basketball Federation,['Basketball'],
2491288,GAUDIN Sophie,Female,Referee,J,FIBA,FIBA,International Basketball Federation,['Basketball'],
2491289,HENRIOT Gwennaelle,Female,Referee,J,FIBA,FIBA,International Basketball Federation,['Basketball'],
2491290,HERON Stephane,Male,Referee,J,FIBA,FIBA,International Basketball Federation,['Basketball'],
2491291,HUARD Francois,Male,Referee,J,FIBA,FIBA,International Basketball Federation,['Basketball'],
2491292,KOPP Audrey,Female,Referee,J,FIBA,FIBA,International Basketball Federation,['Basketball'],
2491293,LABORDE Marie Pierre,Female,Referee,J,FIBA,FIBA,International Basketball Federation,['Basketball'],
2491294,LAMARQUE Vincent,Male,Referee,J,FIBA,FIBA,International Basketball Federation,['Basketball'],
2491295,LAURANCY Cedric,Male,Referee,J,FIBA,FIBA,International Basketball Federation,['Basketball'],
2491296,LUSSON Stephane,Male,Referee,J,FIBA,FIBA,International Basketball Federation,['Basketball'],
2491297,MARTIN Hugo,Male,Referee,J,FIBA,FIBA,International Basketball Federation,['Basketball'],
2491298,MATTON Jean Pierre,Male,Referee,J,FIBA,FIBA,International Basketball Federation,['Basketball'],
2491299,MORENTE Jean Marc,Male,Referee,J,FIBA,FIBA,International Basketball Federation,['Basketball'],
2491300,POIRIER Emmanuelle,Female,Referee,J,FIBA,FIBA,International Basketball Federation,['Basketball'],
2491301,POURTAU Charlotte,Female,Referee,J,FIBA,FIBA,International Basketball Federation,['Basketball'],
2491302,ROCHE Fabrice,Male,Referee,J,FIBA,FIBA,International Basketball Federation,['Basketball'],
2491303,SARAMITO Isabelle,Female,Referee,J,FIBA,FIBA,International Basketball Federation,['Basketball'],
2491304,SAVIO Jose,Male,Referee,J,FIBA,FIBA,International Basketball Federation,['Basketball'],
2491305,SOUSSIA Benjamin,Male,Referee,J,FIBA,FIBA,International Basketball Federation,['Basketball'],
2491306,TANGUY Laura,Female,Referee,J,FIBA,FIBA,International Basketball Federation,['Basketball'],
2491307,USCLADE Virginie,Female,Referee,J,FIBA,FIBA,International Basketball Federation,['Basketball'],
2491308,VANCOILLIE Cedric,Male,Referee,J,FIBA,FIBA,International Basketball Federation,['Basketball'],
2491309,VERON Thierry,Male,Referee,J,FIBA,FIBA,International Basketball Federation,['Basketball'],
2491310,VIOLLEAU Anne Sophie,Female,Referee,J,FIBA,FIBA,International Basketball Federation,['Basketball'],
2491529,SHIPLEY David,Male,Technical Official,J,USA,United States,United States of America,['Surfing'],
2492445,NEWMAN Zeke,Male,Umpire,J,AUS,Australia,Australia,['Hockey'],
2495111,KHIDOYATOV Eshpulat,Male,Referee,J,UZB,Uzbekistan,Uzbekistan,['Wrestling'],
2498247,BURNETT Sally,Female,Jury Member,J,GBR,Great Britain,Great Britain,['Sailing'],
2499018,DAVANZO Giorgio,Male,Jury Member,J,ITA,Italy,Italy,['Sailing'],
2499102,REYNOLDS Alexander,Male,Technical Official,J,USA,United States,United States of America,['Surfing'],
2499115,WALLIS Kevin,Male,Technical Official,J,USA,United States,United States of America,['Surfing'],
2500371,KLIMA Philippe,Male,Technical Official,J,FRA,France,France,['Surfing'],
2500375,LLAMBIAS OTTONE Ixa,Female,Technical Official,J,CHI,Chile,Chile,['Surfing'],
2501428,BROQUA Jean,Male,Referee,J,WR,World Rugby,World Rugby,['Rugby Sevens'],
2501429,JOLICARD Solene,Female,Referee,J,WR,World Rugby,World Rugby,['Rugby Sevens'],
2501430,ARNALDI Marie Christine,Female,Referee,J,WR,World Rugby,World Rugby,['Rugby Sevens'],
2501432,BRU Pierre,Male,Referee,J,WR,World Rugby,World Rugby,['Rugby Sevens'],
2501433,LOURENCO Tristan,Male,Referee,J,WR,World Rugby,World Rugby,['Rugby Sevens'],
2501434,URRUZMENDI Evan,Male,Referee,J,WR,World Rugby,World Rugby,['Rugby Sevens'],
2501435,ACHARD Florence,Female,Referee,J,WR,World Rugby,World Rugby,['Rugby Sevens'],
2501436,TREHARD Julien,Male,Referee,J,WR,World Rugby,World Rugby,['Rugby Sevens'],
2501437,PUECH Lucile,Female,Referee,J,WR,World Rugby,World Rugby,['Rugby Sevens'],
2501438,LEBOEUF Melissa,Female,Referee,J,WR,World Rugby,World Rugby,['Rugby Sevens'],
2501439,LEBEGUE Martin,Female,Referee,J,WR,World Rugby,World Rugby,['Rugby Sevens'],
2501440,FERRE Alexandra,Female,Referee,J,WR,World Rugby,World Rugby,['Rugby Sevens'],
2501441,BARROMES Fabien,Male,Referee,J,WR,World Rugby,World Rugby,['Rugby Sevens'],
2501442,BYNG Stephen,Male,Referee,J,WR,World Rugby,World Rugby,['Rugby Sevens'],
2501443,MONTOCCHIO Agathe,Female,Referee,J,WR,World Rugby,World Rugby,['Rugby Sevens'],
2501444,FONDRAT Guillaume,Male,Referee,J,WR,World Rugby,World Rugby,['Rugby Sevens'],
2501445,LABORDE Cedric,Male,Referee,J,WR,World Rugby,World Rugby,['Rugby Sevens'],
2501446,VIDAL Pauline,Female,Referee,J,WR,World Rugby,World Rugby,['Rugby Sevens'],
2501447,HUESCA Sophie,Female,Referee,J,WR,World Rugby,World Rugby,['Rugby Sevens'],
2627678,WEI Benjamin,Male,Technical Official,J,USA,United States,United States of America,['Surfing'],
2697110,KORTE Kurt,Male,Technical Official,J,USA,United States,United States of America,['Surfing'],
2780660,ATAY Zeynel Lutfu,Male,Referee,J,DEN,Denmark,Denmark,['Wrestling'],
2786885,LOWENTHAL Dillan,Male,Technical Official,J,IRL,Ireland,Ireland,['Surfing'],
2796245,BOUSSARD Michel,Male,Judge,J,WAQU,World Aquatics,World Aquatics,['Diving'],
2796266,LEFRANC Florence,Female,Judge,J,WAQU,World Aquatics,World Aquatics,['Artistic Swimming'],
2796268,CAOUS Daniel,Male,Judge,J,WAQU,World Aquatics,World Aquatics,['Diving'],
2796280,BILLIET Marie Pascale,Female,Judge,J,WAQU,World Aquatics,World Aquatics,['Artistic Swimming'],
2796283,SUZANNE Benoit,Male,Judge,J,WAQU,World Aquatics,World Aquatics,['Diving'],
2796285,GARCIA RODRIGO Ivan,Male,Judge,J,WAQU,World Aquatics,World Aquatics,['Diving'],
2796294,CANO Tanguy,Male,Judge,J,WAQU,World Aquatics,World Aquatics,['Diving'],
2796298,de la LLAVE Teddy,Male,Judge,J,WAQU,World Aquatics,World Aquatics,['Diving'],
2796300,DOIMO Sandra,Female,Judge,J,WAQU,World Aquatics,World Aquatics,['Artistic Swimming'],
2796302,CUPILLARD Dominique,Female,Judge,J,WAQU,World Aquatics,World Aquatics,['Artistic Swimming'],
2796306,CLEMENCON Michele,Female,Judge,J,WAQU,World Aquatics,World Aquatics,['Diving'],
2796328,PORCU Noel,Male,Judge,J,WAQU,World Aquatics,World Aquatics,['Diving'],
2796330,NEUVILLE Sylvie,Female,Judge,J,WAQU,World Aquatics,World Aquatics,['Artistic Swimming'],
2844406,MULLER-THYSSEN Maria,Male,Referee,J,ESP,Spain,Spain,['Handball'],
2844513,JORUM Lars,Male,Referee,J,NOR,Norway,Norway,['Handball'],
2844649,SALAH Morad,Male,Referee,J,SUI,Switzerland,Switzerland,['Handball'],
2844759,KURTAGIC Mirza,Male,Referee,J,SWE,Sweden,Sweden,['Handball'],
2871936,BADJI Riadh,Male,Judge,J,PBU,PBU,Paris 2024 Boxing Unit,['Boxing'],
2871948,KAZAKOV Dilshod,Male,Judge,J,PBU,PBU,Paris 2024 Boxing Unit,['Boxing'],
2871958,MENCHAOUI Hichem,Male,Judge,J,PBU,PBU,Paris 2024 Boxing Unit,['Boxing'],
2871969,TSERENKHAND Tsogtgerel,Female,Judge,J,PBU,PBU,Paris 2024 Boxing Unit,['Boxing'],
2871999,BEKPENBETOV Bakytzhan,Male,Judge,J,PBU,PBU,Paris 2024 Boxing Unit,['Boxing'],
2872012,ABALOS Maximo,Male,Referee,J,PHI,Philippines,Philippines,['Boxing'],
2872023,SOUILMI Mouhsine,Male,Referee,J,MAR,Morocco,Morocco,['Boxing'],
2872035,BORDBAR HAGHIGHI SABET Babak,Male,Referee,J,IRI,IR Iran,Islamic Republic of Iran,['Boxing'],
2872046,MOKRETARI Sid Ali,Male,Referee,J,ALG,Algeria,Algeria,['Boxing'],
2872050,BYAMBABAYAR Atarbayar,Male,Referee,J,MGL,Mongolia,Mongolia,['Boxing'],
2872377,ADEOTI Mosunmola,Female,Judge,J,PBU,PBU,Paris 2024 Boxing Unit,['Boxing'],
2872584,ILDEBAYEVA Ainur,Female,Judge,J,PBU,PBU,Paris 2024 Boxing Unit,['Boxing'],
2872818,SADEGH POOR Farzad,Male,Referee,J,IRI,IR Iran,Islamic Republic of Iran,['Boxing'],
2873696,SRICHAISAWAT Paiboon,Male,Judge,J,PBU,PBU,Paris 2024 Boxing Unit,['Boxing'],
2873804,IGUBAYEV Aslan,Male,Judge,J,PBU,PBU,Paris 2024 Boxing Unit,['Boxing'],
2873953,AMMOURA Nacera,Female,Judge,J,PBU,PBU,Paris 2024 Boxing Unit,['Boxing'],
2875808,NASIROVA Leyla Arif Qizi,Female,Judge,J,PBU,PBU,Paris 2024 Boxing Unit,['Boxing'],
2876696,SVYATOCHA Boris,Male,Judge,J,PBU,PBU,Paris 2024 Boxing Unit,['Boxing'],
2973407,VALENZUELA GOMEZ Cesar Fernando,Male,Judge,J,FIG,FIG,International Gymnastics Federation,['Artistic Gymnastics'],
2973413,PALAMARA Ioulia,Female,Judge,J,FIG,FIG,International Gymnastics Federation,['Artistic Gymnastics'],
2973422,HUNT Caroline,Female,Judge,J,USA,United States,United States of America,['Rhythmic Gymnastics'],1978-02-16
3002003,BAKE Giovanni,Male,Referee,J,RSA,South Africa,South Africa,['Beach Volleyball'],
3047340,PAVICEVIC Ivan,Male,Referee,J,MNE,Montenegro,Montenegro,['Handball'],
3047342,BELKHIRI Youcef,Male,Referee,J,ALG,Algeria,Algeria,['Handball'],
3047343,HAMIDI Sidali,Male,Referee,J,ALG,Algeria,Algeria,['Handball'],
3047344,PAOLANTONI Maria Ines,Female,Referee,J,ARG,Argentina,Argentina,['Handball'],
3047345,GARCIA Mariana,Female,Referee,J,ARG,Argentina,Argentina,['Handball'],
3047346,KONJICANIN Dino,Male,Referee,J,BIH,Bosnia & Herzegovina,Bosnia and Herzegovina,['Handball'],
3047347,KONJICANIN Amar,Male,Referee,J,BIH,Bosnia & Herzegovina,Bosnia and Herzegovina,['Handball'],
3047348,HORACEK Vaclav,Male,Referee,J,CZE,Czechia,Czechia,['Handball'],
3047349,NOVOTNY Jiri,Male,Referee,J,CZE,Czechia,Czechia,['Handball'],
3047350,HANSEN Mads,Male,Referee,J,DEN,Denmark,Denmark,['Handball'],
3047351,MADSEN Jesper,Male,Referee,J,DEN,Denmark,Denmark,['Handball'],
3047352,MARIN LORENTE Andreu,Male,Referee,J,ESP,Spain,Spain,['Handball'],
3047353,GARCIA Ignacio,Male,Referee,J,ESP,Spain,Spain,['Handball'],
3047354,BONAVENTURA Julie,Female,Referee,J,FRA,France,France,['Handball'],
3047355,BONAVENTURA Charlotte,Female,Referee,J,FRA,France,France,['Handball'],
3047356,SCHULZE Robert,Male,Referee,J,GER,Germany,Germany,['Handball'],
3047357,TOENNIES Tobias,Male,Referee,J,GER,Germany,Germany,['Handball'],
3047358,MERZ Maike,Female,Referee,J,GER,Germany,Germany,['Handball'],
3047359,KUTTLER Tanja,Female,Referee,J,GER,Germany,Germany,['Handball'],
3047360,BIRO Adam,Male,Referee,J,HUN,Hungary,Hungary,['Handball'],
3047361,KISS Oliver,Male,Referee,J,HUN,Hungary,Hungary,['Handball'],
3047362,NACHEVSKI Gjorgji,Male,Referee,J,MKD,North Macedonia,North Macedonia,['Handball'],
3047363,NIKOLOV Slave,Male,Referee,J,MKD,North Macedonia,North Macedonia,['Handball'],
3047364,RAZNATOVIC Milos,Male,Referee,J,MNE,Montenegro,Montenegro,['Handball'],
3047365,KLEVEN Havard,Male,Referee,J,NOR,Norway,Norway,['Handball'],
3047366,LAH Bojan,Male,Referee,J,SLO,Slovenia,Slovenia,['Handball'],
3047367,SOK David,Male,Referee,J,SLO,Slovenia,Slovenia,['Handball'],
3047368,BRUNNER Arthur,Male,Referee,J,SUI,Switzerland,Switzerland,['Handball'],
3047369,WETTERWIK Mattias,Male,Referee,J,SWE,Sweden,Sweden,['Handball'],
3052943,BRUDEY Jean Francois,Male,Line Judge,J,FIVB,FIVB,International Volleyball Federation,['Beach Volleyball'],
3060392,BAS Andrej,Male,Referee,J,SLO,Slovenia,Slovenia,['3x3 Basketball'],
3060402,TRONTELJ Gorazd,Male,Referee,J,SLO,Slovenia,Slovenia,['3x3 Basketball'],
3060403,SHIMOYAMA Waka,Female,Referee,J,JPN,Japan,Japan,['3x3 Basketball'],
3060404,YAGI Aki,Female,Referee,J,JPN,Japan,Japan,['3x3 Basketball'],
3060405,MATSUMOTO Tsunemi,Female,Referee,J,JPN,Japan,Japan,['3x3 Basketball'],
3060406,HEGEDUSNE STION Eva,Female,Referee,J,HUN,Hungary,Hungary,['3x3 Basketball'],
3060407,BOZJAK Ziga,Male,Referee,J,SLO,Slovenia,Slovenia,['3x3 Basketball'],
3060408,SANKOVIC Andraz,Male,Referee,J,SLO,Slovenia,Slovenia,['3x3 Basketball'],
3060409,GOGALA Eva,Female,Referee,J,SLO,Slovenia,Slovenia,['3x3 Basketball'],
3060410,FULOP Adam,Male,Referee,J,HUN,Hungary,Hungary,['3x3 Basketball'],
3060411,JUG Ana,Female,Referee,J,SLO,Slovenia,Slovenia,['3x3 Basketball'],
3060412,KECSKEMETI Elizabeth,Female,Referee,J,HUN,Hungary,Hungary,['3x3 Basketball'],
3062446,MANNO Timothy,Male,Technical Official,J,USA,United States,United States of America,['Surfing'],
3518627,PICSON Maria Karina,Female,Judge,J,PBU,PBU,Paris 2024 Boxing Unit,['Boxing'],
3521177,OOMMEN George,Male,Referee,J,GBR,Great Britain,Great Britain,['Football'],
4193219,KOWLOON,Male,Judge F,J,CHN,China,People's Republic of China,['Breaking'],
4652045,REY David,Male,Referee,J,FRA,France,France,['Wrestling'],
4654128,BARTHE SADRAN Marie,Female,Judge,J,PBU,PBU,Paris 2024 Boxing Unit,['Boxing'],
4654138,KUSSMAUL Holger,Male,Referee,J,GER,Germany,Germany,['Boxing'],
4968543,CAMPANILE Nicolas,Male,Judge,J,FIG,FIG,International Gymnastics Federation,['Artistic Gymnastics'],
